source_id;kurum;kaynak_turu;birincil_ikincil;baslik;kullanilan_alanlar;donem;url;erisim_tarihi;birim;lisans_kullanim_kosulu;sinirlamalar;dogrulama_durumu
SRC-001;Cevre Sehircilik ve Iklim Degisikligi Bakanligi (Resmi Gazete 30.12.2025 / 33123);Mevzuat - Teblig;Birincil;2872 Sayili Cevre Kanunu Uyarinca Alinacak Geri Kazanim Katilim Payi Tutarlarina Iliskin Teblig (2026/1);Ambalaj GEKAP birim tutarlari (plastik, metal, kompozit, kagit-karton, cam, ahsap), plastik poset tutari, yeniden degerleme orani;01.01.2026-31.12.2026;https://webdosya.csb.gov.tr/v2/cygm/2025/12/TBL-33123gekap-20261-2-20251230105416.pdf;2026-09-02;kurus/kg ve kurus/adet;Kamuya acik mevzuat metni (Resmi Gazete);Sadece 2026 takvim yili icin gecerlidir. Cumhurbaskani tutarlari iki katina cikarma veya yariya indirme yetkisine sahiptir.;PDF metni cikarilarak birebir dogrulandi
SRC-002;Cevre Sehircilik ve Iklim Degisikligi Bakanligi (Resmi Gazete 28.12.2024 / 32766);Mevzuat - Teblig;Birincil;2872 Sayili Cevre Kanunu Uyarinca Alinacak Geri Kazanim Katilim Payi Tutarlarina Iliskin Teblig (2025/1);Ambalaj GEKAP birim tutarlari 2025;01.01.2025-31.12.2025;https://webdosya.csb.gov.tr/db/cygm/icerikler/tbl-32766gekapknsld-20241231110006.pdf;2026-09-02;kurus/kg ve kurus/adet;Kamuya acik mevzuat metni (Resmi Gazete);PDF taranmis goruntu formatindadir - tablo sayfa goruntusu okunarak transkribe edilmistir.;Taranmis PDF sayfa goruntusunden birebir okundu
SRC-003;KPMG Turkiye (ikincil aktarim) - Resmi Gazete 29.12.2023 / 32414 atifli;Sirkuler / Mali bulten;Ikincil;2024 Yilinda Uygulanacak Olan Geri Kazanim Katilim Payi Tutarlari Belirlenmistir;Ambalaj GEKAP birim tutarlari 2024;01.01.2024-31.12.2024;https://kpmgvergi.com/yayinlar/mali-bultenler/gumruk/2024-yilinda-uygulanacak-olan-geri-kazanim-katilim-payi-tutarlari-belirlenmistir/2481;2026-09-02;kurus/kg ve kurus/adet;Yayincinin kullanim kosullari;IKINCIL kaynaktir. Birincil Resmi Gazete metni (32414) ile teyit edilmelidir. 2024 degerleri SRC-002 ve SRC-001 tutarlariyla yeniden degerleme orani zinciri uzerinden capraz dogrulanmistir.;Capraz aritmetik dogrulama yapildi - bkz Methodology
SRC-004;Hazine ve Maliye Bakanligi (Resmi Gazete 27.11.2025 / 33090);Mevzuat - Teblig;Birincil;Vergi Usul Kanunu Genel Tebligi (Sira No 585) - 2025 yili yeniden degerleme orani;Yeniden degerleme orani 2025 = yuzde 25,49;2025;https://webdosya.csb.gov.tr/v2/cygm/2025/12/TBL-33123gekap-20261-2-20251230105416.pdf;2026-09-02;yuzde;Kamuya acik mevzuat metni;Oran, SRC-001 teblig metni icinde atifla dogrulanmistir. Birincil VUK tebligi ayrica goruntulenmemistir.;Dogrulandi (teblig metni icinde)
SRC-005;Cevre Sehircilik ve Iklim Degisikligi Bakanligi - CED Izin ve Denetim Genel Mudurlugu;Resmi istatistik bulteni;Birincil;Atik Istatistikleri Bulteni (2023) - Bolum 6 Ambalaj Atiklari Istatistikleri Tablo 6;Malzeme turune gore beyan edilen ambalaj atigi miktarlari 2021-2022-2023 (kagit-karton, plastik, ahsap, metal, kompozit, cam);2021-2023;https://webdosya.csb.gov.tr/v2/ced/2025/12/2023-y-l-at-k-istatistik-b-lteni-005-2-20251226151737.pdf;2026-09-02;ton/yil;Kamuya acik resmi istatistik;ONEMLI: Bu rakamlar ATIK BEYAN SISTEMI uzerinden beyan edilen ambalaj ATIGIDIR - AAKY kapsaminda PIYASAYA SURULEN ambalaj miktari DEGILDIR. Iki evren farklidir ve birbirinin yerine kullanilamaz. Sanayi kaynakli ikincil ve uculuncul ambalaj agirlikli oldugu icin kagit-karton ve ahsap payi yuksektir.;PDF metni cikarilarak birebir dogrulandi
SRC-006;Cevre Sehircilik ve Iklim Degisikligi Bakanligi - Cevresel Gostergeler;Resmi gosterge sayfasi;Birincil;Ambalaj Atiklari - Cevresel Gostergeler;Uretilen ambalaj miktari ve Ambalaj Bilgi Sistemi uzerinden piyasaya surulen ambalaj miktari (2021);2021;https://cevreselgostergeler.csb.gov.tr/ambalaj-atiklari-85757;2026-09-02;ton/yil;Kamuya acik resmi gosterge;En guncel yayimlanmis ayrinti 2021 yilina aittir. 2022 verisi sayfada yalnizca grafik olarak sunulmustur. Malzeme kirilimi metin olarak alinamamistir.;Sayisal degerler dogrulandi (uretilen 9.729.057 ton / piyasaya surulen 4.046.930 ton)
SRC-007;Cevre Sehircilik ve Iklim Degisikligi Bakanligi / Sifir Atik;Resmi kurumsal haber;Birincil;Sifir Atik ile geri kazanim orani yuzde 36,08 seviyesine ulasti;Turkiye genel geri kazanim orani 2023 (yuzde 34,92) ve 2024 (yuzde 36,08);2023-2024;https://cygm.csb.gov.tr/haberler/sifir-atik-ile-geri-kazanim-orani-36-08-e-ulasti.-291288;2026-09-02;yuzde;Kamuya acik kurumsal duyuru;Bu oran TUM atiklar icin ulke geneli geri kazanim oranidir - AMBALAJ ozelinde malzeme bazli geri donusum orani DEGILDIR. Senaryo hesabinda referans olarak kullanilmis, ambalaj ozelinde ayrica duyarlilik araligi tanimlanmistir.;Dogrulandi
SRC-008;US EPA - Office of Resource Conservation and Recovery;Teknik model dokumantasyonu;Birincil;WARM Version 16 - Documentation for Greenhouse Gas Emission and Energy Factors - Chapter 2 Recycling - Exhibit 2-2;Malzeme bazli geri donusum sera gazi faktoru (virgin girdi yerine geri donusturulmus girdi kullanimindan kaynaklanan azaltim);Aralik 2023 (v16);https://www.epa.gov/system/files/documents/2024-01/warm_management_practices_v16_dec.pdf;2026-09-02;MTCO2E / short ton;US Government Work - kamu malidir;KRITIK SINIRLAMA: Faktorler ABD elektrik sebekesi, ABD ormanciligi ve ABD tasima mesafeleri icin modellenmistir ve TURKIYEYE OZGU DEGILDIR. Birim KISA TONDUR (1 short ton = 0,907185 metrik ton) ve metrik tona cevrilmelidir. Oluklu mukavvada azaltimin buyuk kismi (3,06 / 3,14) orman karbon depolamasindan gelir ve varsayima yuksek duyarlidir.;PDF metni cikarilarak Exhibit 2-2 birebir dogrulandi
SRC-009;UNFCCC;Resmi kurumsal haber;Birincil;COP31 Presidency announces new targets on global electrification cutting waste resilient cities;COP31 atik ve dongusel ekonomi hedefleri;2026;https://unfccc.int/news/cop31-presidency-announces-new-targets-on-global-electrification-cutting-waste-resilient-cities;2026-09-02;metin;UNFCCC kullanim kosullari;Sayfa icerigi otomatik cekimde bos dondu - hedeflerin sayisal detayi ikincil kaynak SRC-010 uzerinden alinmistir. BIRINCIL METIN ILE TEYIT EDILMESI GEREKEN ACIK MADDEDIR.;KISMI - birincil teyit bekliyor
SRC-010;Health Policy Watch (bagimsiz haber sitesi);Haber / analiz;Ikincil;Clean Electricity Waste And Construction Set To Top COP31 Agenda;Kuresel atik artisinin 2035 yilina kadar yariya indirilmesi hedefi ve hedeflerin resmi statusu;18 Haziran 2026 yayin;https://healthpolicy-watch.news/cop31-electricity-waste-and-construction-sector-to-top-cop31-agenda/;2026-09-02;metin;Yayincinin kullanim kosullari;IKINCIL kaynaktir. Kritik tespit: Hedefler BASKANLIK GUNDEMI niteligindedir - muzakere edilmis COP karari DEGILDIR ve ulkeler icin baglayici degildir. Taban yil ve kapsanan atik turleri tanimli degildir.;Statu bilgisi dogrulandi - sayisal hedef birincil teyit bekliyor
SRC-011;UNFCCC;Resmi etkinlik sayfasi;Birincil;Information for COP 31 participants (A-Z) ve The Road to Antalya;COP31 tarih ve yer bilgisi;9-20 Kasim 2026 Antalya;https://unfccc.int/cop31/ifp;2026-09-02;tarih;UNFCCC kullanim kosullari;Baskanlik duzenlemesi ozeldir: Turkiye ev sahibi ulke konumundadir, muzakere baskanligi Avustralya ile ortak yurutulmektedir. Bu ayrim sunumda dogru ifade edilmelidir.;Dogrulandi
SRC-012;ISMMMO - Istanbul Serbest Muhasebeci Mali Musavirler Odasi;Meslek odasi uygulama rehberi;Ikincil;Geri Kazanim Katilim Payi (GEKAP) Uygulama Rehberi - guncelleme 07.01.2025;Beyan donemleri, mukellef tanimi, piyasaya suren tanimi, ihracat istisnasi, iade ve mahsup kurallari, ambalaj malzeme tanimlari;2025;https://ismmmo.org.tr/dosya/5224/Mevzuat-Dosya/07012025-gekap-rehberi.pdf;2026-09-02;metin;Meslek odasi yayini - kamuya acik;IKINCIL kaynaktir - birincil metinler Geri Kazanim Katilim Payina Iliskin Yonetmelik ve GEKAP Beyannamesi Genel Tebligidir. Kritik kural: ihrac edilen urunlerin ambalaji GEKAP kapsami disindadir.;PDF metni cikarilarak dogrulandi
SRC-013;Gelir Idaresi Baskanligi;Mevzuat - Teblig;Birincil;Geri Kazanim Katilim Payi Beyannamesi Genel Tebligi (Sira No 1) ve degisiklikleri (Sira No 2 ve 3);Beyannamenin elektronik ortamda verilmesi, uc aylik beyan donemleri, duzeltme beyannamesi, iade mahsubu;2019 ve sonrasi;https://www.gib.gov.tr/geri-kazanim-katilim-payi-beyannamesi-genel-tebligi-sira-no1-resmi-gazetede-yayinlandi;2026-09-02;metin;Kamuya acik mevzuat;Beyannamenin satir ve sutun duzeni tam metin olarak alinamamistir. Veri modelinin beyanname alan adlariyla birebir eslesmesi pilot oncesi GIB ile teyit edilmelidir.;KISMI
SRC-014;Vergi Denetim Kurulu Baskanligi (Alomaliye uzerinden aktarilan duyuru metni);Kurumsal duyuru;Ikincil;VDK Tarafindan Gelistirilen MIHENK Sistemi Risk Analiz Merkezinde Devreye Alindi;Turkiyede kamu denetim analitigi mevcut durumu - komsu cozum analizi;12 Agustos 2026;https://www.alomaliye.com/2026/08/12/vdk-tarafindan-gelistirilen-mihenk-sistemi-risk-analiz-merkezinde-devreye-alindi/;2026-09-02;metin;Yayincinin kullanim kosullari;IKINCIL kaynaktir - VDK resmi duyuru metni ile teyit edilmelidir. Sistemin GEKAP veya ambalaj ozelinde bir modulu oldugu bilgisi YOKTUR - odagi mali veriler ve transfer fiyatlandirmasidir.;KISMI
SRC-015;Cevre Sehircilik ve Iklim Degisikligi Bakanligi;Mevzuat - Yonetmelik;Birincil;Ambalaj Atiklarinin Kontrolu Yonetmeligi;Ambalaj tanimlari, piyasaya suren tanimi, Ambalaj Bilgi Sistemi, geri kazanim hedefleri;2021 ve sonrasi;https://webdosya.csb.gov.tr/db/cygm/icerikler/yon-31523ambalajaky-20210628210203.pdf;2026-09-02;metin ve yuzde;Kamuya acik mevzuat;PDF metni otomatik cikarilamadi. Eklerdeki hedef oran tablolari bu calismada KULLANILMAMISTIR ve dataset icinde yer almaz.;ALINAMADI - kullanilmadi
SYN-BOM-01;KinetiX / GUS-DEDEKTIV calisma ekibi;Sentetik uzman aralik tahmini;Sentetik;Ambalaj birim agirlik matrisi - uzman aralik elicitasyonu;SKU bazli birim ambalaj agirligi (gram) log-normal dagilim parametreleri;Zaman bagimsiz;dahili - data/reference/packaging_weight_ranges.csv;2026-09-02;gram/birim;Proje ici - sentetik;SENTETIKTIR. Sektor bilgisi ve kamuya acik urun olculerinden derlenmis TAHMINI araliklardir - tek bir birincil kaynaga dayanmaz ve resmi bir olcum degildir. Pilotta kurumun gercek urun agaci (BOM) verisiyle DEGISTIRILMELIDIR.;Sentetik - dogrulanmamis
SYN-GEN-01;KinetiX / GUS-DEDEKTIV calisma ekibi;Sentetik veri ureteci;Sentetik;Firma, firma-donem ve audit ground-truth ureteci;Tum Katman B ve Katman C alanlari;2023Q1-2026Q2;dahili - src/gus_generator/;2026-09-02;muhtelif;Proje ici - sentetik;TAMAMEN SENTETIKTIR. Hicbir gercek firmayi, gercek beyani veya gercek denetim sonucunu temsil etmez. Performans sonuclari gercek kamu performansi olarak sunulamaz.;Sentetik - deterministik (sabit seed)
SRC-016;Turkiye Istatistik Kurumu (TUIK) - Veri Portali;Resmi istatistik veri portali (SDMX);Birincil;Sanayi Uretim Endeksi [2021=100] (Alt Endeksler) - dataflow TR,DF_SANAYI_URETIM_ENDEKS_ALT_C,1.0;NACE Rev.2 grup ve sinif duzeyinde aylik uretim endeksi - 8 sektor icin ceyrekliye donusturulmustur (2023Q1-2026Q2);2023Q1-2026Q2 (kaynak seri 2005-01 - 2026-06);https://databrowser2.tuik.gov.tr/#/tr/tuik/TR,DF_SANAYI_URETIM_ENDEKS_ALT_C,1.0;2026-09-04;endeks (2021=100);Kamuya acik resmi istatistik;Sektor endeksleri TUIK'in resmi agregasi DEGILDIR - ilgili NACE grup/sinif endekslerinin basit ortalamasi olarak bu calismada hesaplanmistir. Mevsim ve takvim etkisinden arindirilmamis (SEASONAL_ADJUST=N) seri kullanilmistir. Panelin uretim miktarlari bu seriyle degistirilmemis - yalnizca karsilastirma referansi olarak tutulmustur.;Dogrulandi - SDMX API'den cekildi (bkz tuik_macro_series.csv)
SRC-017;Turkiye Istatistik Kurumu (TUIK) - Veri Portali;Resmi istatistik veri portali (SDMX);Birincil;Ihracat ve Ithalat Miktar Endeksi - dataflow TR,DF_IHRACAT_MIKTAR_ENDEKS_V1,1.0 ve TR,DF_ITHALAT_MIKTAR_ENDEKS_V1,1.0;Ceyreklik genel ihracat ve ithalat miktar endeksi (2023Q1-2026Q1);2023Q1-2026Q1 (kaynak seri 1997-01 - 2026-06);https://databrowser2.tuik.gov.tr/#/tr/tuik/TR,DF_IHRACAT_MIKTAR_ENDEKS_V1,1.0;2026-09-04;endeks (2015=100);Kamuya acik resmi istatistik;KISMI. Endeksler SITC Rev.4 siniflamasindadir ve NACE sektorleriyle birebir eslesmedigi icin YALNIZCA ulke geneli (GENEL ENDEKS) duzeyinde alinmistir - sektor bazli kirilim kullanilmamistir. 2026Q2 ceyreklik seride erisim tarihinde yayimlanmamisti. UN Comtrade uzerinden GTIP bazli miktar serisi HALA ALINMAMISTIR - panelin GTIP satirlari sentetik kalmaktadir.;KISMI - TUIK genel endeksi cekildi, GTIP bazli seri bekliyor (bkz tuik_macro_series.csv)
