series_id;gosterge;kapsam;nace_kapsam;donem;deger;birim;veri_sinifi;source_id;yontem;notlar
TUIK-SUE-001;Sanayi Uretim Endeksi;gida_icecek;C101-C109, C110;2023Q1;98,4;endeks (2021=100);official_open;SRC-016;TUIK Veri Portali SDMX API - dataflow TR,DF_SANAYI_URETIM_ENDEKS_ALT_C,1.0 (INDICATOR=II_SUE, DEGISIM_TUR=1 Endeks, SEASONAL_ADJUST=N arindirilmamis, BASE_PER=2021) - aylik seri ceyreklik ortalamaya donusturulmustur;Sektor endeksi, karsilik gelen NACE Rev.2 grup/sinif endekslerinin BASIT ORTALAMASIDIR - TUIK tarafindan yayimlanan resmi bir sektor agregasi degildir. Panelin uretim trendi ve mevsimselligi bu seriyle karsilastirilarak dogrulanir.
TUIK-SUE-002;Sanayi Uretim Endeksi;gida_icecek;C101-C109, C110;2023Q2;99,8;endeks (2021=100);official_open;SRC-016;TUIK Veri Portali SDMX API - dataflow TR,DF_SANAYI_URETIM_ENDEKS_ALT_C,1.0 (INDICATOR=II_SUE, DEGISIM_TUR=1 Endeks, SEASONAL_ADJUST=N arindirilmamis, BASE_PER=2021) - aylik seri ceyreklik ortalamaya donusturulmustur;Sektor endeksi, karsilik gelen NACE Rev.2 grup/sinif endekslerinin BASIT ORTALAMASIDIR - TUIK tarafindan yayimlanan resmi bir sektor agregasi degildir. Panelin uretim trendi ve mevsimselligi bu seriyle karsilastirilarak dogrulanir.
TUIK-SUE-003;Sanayi Uretim Endeksi;gida_icecek;C101-C109, C110;2023Q3;108,7;endeks (2021=100);official_open;SRC-016;TUIK Veri Portali SDMX API - dataflow TR,DF_SANAYI_URETIM_ENDEKS_ALT_C,1.0 (INDICATOR=II_SUE, DEGISIM_TUR=1 Endeks, SEASONAL_ADJUST=N arindirilmamis, BASE_PER=2021) - aylik seri ceyreklik ortalamaya donusturulmustur;Sektor endeksi, karsilik gelen NACE Rev.2 grup/sinif endekslerinin BASIT ORTALAMASIDIR - TUIK tarafindan yayimlanan resmi bir sektor agregasi degildir. Panelin uretim trendi ve mevsimselligi bu seriyle karsilastirilarak dogrulanir.
TUIK-SUE-004;Sanayi Uretim Endeksi;gida_icecek;C101-C109, C110;2023Q4;118,2;endeks (2021=100);official_open;SRC-016;TUIK Veri Portali SDMX API - dataflow TR,DF_SANAYI_URETIM_ENDEKS_ALT_C,1.0 (INDICATOR=II_SUE, DEGISIM_TUR=1 Endeks, SEASONAL_ADJUST=N arindirilmamis, BASE_PER=2021) - aylik seri ceyreklik ortalamaya donusturulmustur;Sektor endeksi, karsilik gelen NACE Rev.2 grup/sinif endekslerinin BASIT ORTALAMASIDIR - TUIK tarafindan yayimlanan resmi bir sektor agregasi degildir. Panelin uretim trendi ve mevsimselligi bu seriyle karsilastirilarak dogrulanir.
TUIK-SUE-005;Sanayi Uretim Endeksi;gida_icecek;C101-C109, C110;2024Q1;108,1;endeks (2021=100);official_open;SRC-016;TUIK Veri Portali SDMX API - dataflow TR,DF_SANAYI_URETIM_ENDEKS_ALT_C,1.0 (INDICATOR=II_SUE, DEGISIM_TUR=1 Endeks, SEASONAL_ADJUST=N arindirilmamis, BASE_PER=2021) - aylik seri ceyreklik ortalamaya donusturulmustur;Sektor endeksi, karsilik gelen NACE Rev.2 grup/sinif endekslerinin BASIT ORTALAMASIDIR - TUIK tarafindan yayimlanan resmi bir sektor agregasi degildir. Panelin uretim trendi ve mevsimselligi bu seriyle karsilastirilarak dogrulanir.
TUIK-SUE-006;Sanayi Uretim Endeksi;gida_icecek;C101-C109, C110;2024Q2;101,7;endeks (2021=100);official_open;SRC-016;TUIK Veri Portali SDMX API - dataflow TR,DF_SANAYI_URETIM_ENDEKS_ALT_C,1.0 (INDICATOR=II_SUE, DEGISIM_TUR=1 Endeks, SEASONAL_ADJUST=N arindirilmamis, BASE_PER=2021) - aylik seri ceyreklik ortalamaya donusturulmustur;Sektor endeksi, karsilik gelen NACE Rev.2 grup/sinif endekslerinin BASIT ORTALAMASIDIR - TUIK tarafindan yayimlanan resmi bir sektor agregasi degildir. Panelin uretim trendi ve mevsimselligi bu seriyle karsilastirilarak dogrulanir.
TUIK-SUE-007;Sanayi Uretim Endeksi;gida_icecek;C101-C109, C110;2024Q3;109,2;endeks (2021=100);official_open;SRC-016;TUIK Veri Portali SDMX API - dataflow TR,DF_SANAYI_URETIM_ENDEKS_ALT_C,1.0 (INDICATOR=II_SUE, DEGISIM_TUR=1 Endeks, SEASONAL_ADJUST=N arindirilmamis, BASE_PER=2021) - aylik seri ceyreklik ortalamaya donusturulmustur;Sektor endeksi, karsilik gelen NACE Rev.2 grup/sinif endekslerinin BASIT ORTALAMASIDIR - TUIK tarafindan yayimlanan resmi bir sektor agregasi degildir. Panelin uretim trendi ve mevsimselligi bu seriyle karsilastirilarak dogrulanir.
TUIK-SUE-008;Sanayi Uretim Endeksi;gida_icecek;C101-C109, C110;2024Q4;119,5;endeks (2021=100);official_open;SRC-016;TUIK Veri Portali SDMX API - dataflow TR,DF_SANAYI_URETIM_ENDEKS_ALT_C,1.0 (INDICATOR=II_SUE, DEGISIM_TUR=1 Endeks, SEASONAL_ADJUST=N arindirilmamis, BASE_PER=2021) - aylik seri ceyreklik ortalamaya donusturulmustur;Sektor endeksi, karsilik gelen NACE Rev.2 grup/sinif endekslerinin BASIT ORTALAMASIDIR - TUIK tarafindan yayimlanan resmi bir sektor agregasi degildir. Panelin uretim trendi ve mevsimselligi bu seriyle karsilastirilarak dogrulanir.
TUIK-SUE-009;Sanayi Uretim Endeksi;gida_icecek;C101-C109, C110;2025Q1;108,8;endeks (2021=100);official_open;SRC-016;TUIK Veri Portali SDMX API - dataflow TR,DF_SANAYI_URETIM_ENDEKS_ALT_C,1.0 (INDICATOR=II_SUE, DEGISIM_TUR=1 Endeks, SEASONAL_ADJUST=N arindirilmamis, BASE_PER=2021) - aylik seri ceyreklik ortalamaya donusturulmustur;Sektor endeksi, karsilik gelen NACE Rev.2 grup/sinif endekslerinin BASIT ORTALAMASIDIR - TUIK tarafindan yayimlanan resmi bir sektor agregasi degildir. Panelin uretim trendi ve mevsimselligi bu seriyle karsilastirilarak dogrulanir.
TUIK-SUE-010;Sanayi Uretim Endeksi;gida_icecek;C101-C109, C110;2025Q2;108,2;endeks (2021=100);official_open;SRC-016;TUIK Veri Portali SDMX API - dataflow TR,DF_SANAYI_URETIM_ENDEKS_ALT_C,1.0 (INDICATOR=II_SUE, DEGISIM_TUR=1 Endeks, SEASONAL_ADJUST=N arindirilmamis, BASE_PER=2021) - aylik seri ceyreklik ortalamaya donusturulmustur;Sektor endeksi, karsilik gelen NACE Rev.2 grup/sinif endekslerinin BASIT ORTALAMASIDIR - TUIK tarafindan yayimlanan resmi bir sektor agregasi degildir. Panelin uretim trendi ve mevsimselligi bu seriyle karsilastirilarak dogrulanir.
TUIK-SUE-011;Sanayi Uretim Endeksi;gida_icecek;C101-C109, C110;2025Q3;113,7;endeks (2021=100);official_open;SRC-016;TUIK Veri Portali SDMX API - dataflow TR,DF_SANAYI_URETIM_ENDEKS_ALT_C,1.0 (INDICATOR=II_SUE, DEGISIM_TUR=1 Endeks, SEASONAL_ADJUST=N arindirilmamis, BASE_PER=2021) - aylik seri ceyreklik ortalamaya donusturulmustur;Sektor endeksi, karsilik gelen NACE Rev.2 grup/sinif endekslerinin BASIT ORTALAMASIDIR - TUIK tarafindan yayimlanan resmi bir sektor agregasi degildir. Panelin uretim trendi ve mevsimselligi bu seriyle karsilastirilarak dogrulanir.
TUIK-SUE-012;Sanayi Uretim Endeksi;gida_icecek;C101-C109, C110;2025Q4;118,2;endeks (2021=100);official_open;SRC-016;TUIK Veri Portali SDMX API - dataflow TR,DF_SANAYI_URETIM_ENDEKS_ALT_C,1.0 (INDICATOR=II_SUE, DEGISIM_TUR=1 Endeks, SEASONAL_ADJUST=N arindirilmamis, BASE_PER=2021) - aylik seri ceyreklik ortalamaya donusturulmustur;Sektor endeksi, karsilik gelen NACE Rev.2 grup/sinif endekslerinin BASIT ORTALAMASIDIR - TUIK tarafindan yayimlanan resmi bir sektor agregasi degildir. Panelin uretim trendi ve mevsimselligi bu seriyle karsilastirilarak dogrulanir.
TUIK-SUE-013;Sanayi Uretim Endeksi;gida_icecek;C101-C109, C110;2026Q1;105,7;endeks (2021=100);official_open;SRC-016;TUIK Veri Portali SDMX API - dataflow TR,DF_SANAYI_URETIM_ENDEKS_ALT_C,1.0 (INDICATOR=II_SUE, DEGISIM_TUR=1 Endeks, SEASONAL_ADJUST=N arindirilmamis, BASE_PER=2021) - aylik seri ceyreklik ortalamaya donusturulmustur;Sektor endeksi, karsilik gelen NACE Rev.2 grup/sinif endekslerinin BASIT ORTALAMASIDIR - TUIK tarafindan yayimlanan resmi bir sektor agregasi degildir. Panelin uretim trendi ve mevsimselligi bu seriyle karsilastirilarak dogrulanir.
TUIK-SUE-014;Sanayi Uretim Endeksi;gida_icecek;C101-C109, C110;2026Q2;112,5;endeks (2021=100);official_open;SRC-016;TUIK Veri Portali SDMX API - dataflow TR,DF_SANAYI_URETIM_ENDEKS_ALT_C,1.0 (INDICATOR=II_SUE, DEGISIM_TUR=1 Endeks, SEASONAL_ADJUST=N arindirilmamis, BASE_PER=2021) - aylik seri ceyreklik ortalamaya donusturulmustur;Sektor endeksi, karsilik gelen NACE Rev.2 grup/sinif endekslerinin BASIT ORTALAMASIDIR - TUIK tarafindan yayimlanan resmi bir sektor agregasi degildir. Panelin uretim trendi ve mevsimselligi bu seriyle karsilastirilarak dogrulanir.
TUIK-SUE-015;Sanayi Uretim Endeksi;kozmetik;C2042;2023Q1;101,3;endeks (2021=100);official_open;SRC-016;TUIK Veri Portali SDMX API - dataflow TR,DF_SANAYI_URETIM_ENDEKS_ALT_C,1.0 (INDICATOR=II_SUE, DEGISIM_TUR=1 Endeks, SEASONAL_ADJUST=N arindirilmamis, BASE_PER=2021) - aylik seri ceyreklik ortalamaya donusturulmustur;Sektor endeksi, karsilik gelen NACE Rev.2 grup/sinif endekslerinin BASIT ORTALAMASIDIR - TUIK tarafindan yayimlanan resmi bir sektor agregasi degildir. Panelin uretim trendi ve mevsimselligi bu seriyle karsilastirilarak dogrulanir.
TUIK-SUE-016;Sanayi Uretim Endeksi;kozmetik;C2042;2023Q2;102,2;endeks (2021=100);official_open;SRC-016;TUIK Veri Portali SDMX API - dataflow TR,DF_SANAYI_URETIM_ENDEKS_ALT_C,1.0 (INDICATOR=II_SUE, DEGISIM_TUR=1 Endeks, SEASONAL_ADJUST=N arindirilmamis, BASE_PER=2021) - aylik seri ceyreklik ortalamaya donusturulmustur;Sektor endeksi, karsilik gelen NACE Rev.2 grup/sinif endekslerinin BASIT ORTALAMASIDIR - TUIK tarafindan yayimlanan resmi bir sektor agregasi degildir. Panelin uretim trendi ve mevsimselligi bu seriyle karsilastirilarak dogrulanir.
TUIK-SUE-017;Sanayi Uretim Endeksi;kozmetik;C2042;2023Q3;116,0;endeks (2021=100);official_open;SRC-016;TUIK Veri Portali SDMX API - dataflow TR,DF_SANAYI_URETIM_ENDEKS_ALT_C,1.0 (INDICATOR=II_SUE, DEGISIM_TUR=1 Endeks, SEASONAL_ADJUST=N arindirilmamis, BASE_PER=2021) - aylik seri ceyreklik ortalamaya donusturulmustur;Sektor endeksi, karsilik gelen NACE Rev.2 grup/sinif endekslerinin BASIT ORTALAMASIDIR - TUIK tarafindan yayimlanan resmi bir sektor agregasi degildir. Panelin uretim trendi ve mevsimselligi bu seriyle karsilastirilarak dogrulanir.
TUIK-SUE-018;Sanayi Uretim Endeksi;kozmetik;C2042;2023Q4;115,6;endeks (2021=100);official_open;SRC-016;TUIK Veri Portali SDMX API - dataflow TR,DF_SANAYI_URETIM_ENDEKS_ALT_C,1.0 (INDICATOR=II_SUE, DEGISIM_TUR=1 Endeks, SEASONAL_ADJUST=N arindirilmamis, BASE_PER=2021) - aylik seri ceyreklik ortalamaya donusturulmustur;Sektor endeksi, karsilik gelen NACE Rev.2 grup/sinif endekslerinin BASIT ORTALAMASIDIR - TUIK tarafindan yayimlanan resmi bir sektor agregasi degildir. Panelin uretim trendi ve mevsimselligi bu seriyle karsilastirilarak dogrulanir.
TUIK-SUE-019;Sanayi Uretim Endeksi;kozmetik;C2042;2024Q1;108,8;endeks (2021=100);official_open;SRC-016;TUIK Veri Portali SDMX API - dataflow TR,DF_SANAYI_URETIM_ENDEKS_ALT_C,1.0 (INDICATOR=II_SUE, DEGISIM_TUR=1 Endeks, SEASONAL_ADJUST=N arindirilmamis, BASE_PER=2021) - aylik seri ceyreklik ortalamaya donusturulmustur;Sektor endeksi, karsilik gelen NACE Rev.2 grup/sinif endekslerinin BASIT ORTALAMASIDIR - TUIK tarafindan yayimlanan resmi bir sektor agregasi degildir. Panelin uretim trendi ve mevsimselligi bu seriyle karsilastirilarak dogrulanir.
TUIK-SUE-020;Sanayi Uretim Endeksi;kozmetik;C2042;2024Q2;107,7;endeks (2021=100);official_open;SRC-016;TUIK Veri Portali SDMX API - dataflow TR,DF_SANAYI_URETIM_ENDEKS_ALT_C,1.0 (INDICATOR=II_SUE, DEGISIM_TUR=1 Endeks, SEASONAL_ADJUST=N arindirilmamis, BASE_PER=2021) - aylik seri ceyreklik ortalamaya donusturulmustur;Sektor endeksi, karsilik gelen NACE Rev.2 grup/sinif endekslerinin BASIT ORTALAMASIDIR - TUIK tarafindan yayimlanan resmi bir sektor agregasi degildir. Panelin uretim trendi ve mevsimselligi bu seriyle karsilastirilarak dogrulanir.
TUIK-SUE-021;Sanayi Uretim Endeksi;kozmetik;C2042;2024Q3;116,7;endeks (2021=100);official_open;SRC-016;TUIK Veri Portali SDMX API - dataflow TR,DF_SANAYI_URETIM_ENDEKS_ALT_C,1.0 (INDICATOR=II_SUE, DEGISIM_TUR=1 Endeks, SEASONAL_ADJUST=N arindirilmamis, BASE_PER=2021) - aylik seri ceyreklik ortalamaya donusturulmustur;Sektor endeksi, karsilik gelen NACE Rev.2 grup/sinif endekslerinin BASIT ORTALAMASIDIR - TUIK tarafindan yayimlanan resmi bir sektor agregasi degildir. Panelin uretim trendi ve mevsimselligi bu seriyle karsilastirilarak dogrulanir.
TUIK-SUE-022;Sanayi Uretim Endeksi;kozmetik;C2042;2024Q4;115,7;endeks (2021=100);official_open;SRC-016;TUIK Veri Portali SDMX API - dataflow TR,DF_SANAYI_URETIM_ENDEKS_ALT_C,1.0 (INDICATOR=II_SUE, DEGISIM_TUR=1 Endeks, SEASONAL_ADJUST=N arindirilmamis, BASE_PER=2021) - aylik seri ceyreklik ortalamaya donusturulmustur;Sektor endeksi, karsilik gelen NACE Rev.2 grup/sinif endekslerinin BASIT ORTALAMASIDIR - TUIK tarafindan yayimlanan resmi bir sektor agregasi degildir. Panelin uretim trendi ve mevsimselligi bu seriyle karsilastirilarak dogrulanir.
TUIK-SUE-023;Sanayi Uretim Endeksi;kozmetik;C2042;2025Q1;100,7;endeks (2021=100);official_open;SRC-016;TUIK Veri Portali SDMX API - dataflow TR,DF_SANAYI_URETIM_ENDEKS_ALT_C,1.0 (INDICATOR=II_SUE, DEGISIM_TUR=1 Endeks, SEASONAL_ADJUST=N arindirilmamis, BASE_PER=2021) - aylik seri ceyreklik ortalamaya donusturulmustur;Sektor endeksi, karsilik gelen NACE Rev.2 grup/sinif endekslerinin BASIT ORTALAMASIDIR - TUIK tarafindan yayimlanan resmi bir sektor agregasi degildir. Panelin uretim trendi ve mevsimselligi bu seriyle karsilastirilarak dogrulanir.
TUIK-SUE-024;Sanayi Uretim Endeksi;kozmetik;C2042;2025Q2;100,5;endeks (2021=100);official_open;SRC-016;TUIK Veri Portali SDMX API - dataflow TR,DF_SANAYI_URETIM_ENDEKS_ALT_C,1.0 (INDICATOR=II_SUE, DEGISIM_TUR=1 Endeks, SEASONAL_ADJUST=N arindirilmamis, BASE_PER=2021) - aylik seri ceyreklik ortalamaya donusturulmustur;Sektor endeksi, karsilik gelen NACE Rev.2 grup/sinif endekslerinin BASIT ORTALAMASIDIR - TUIK tarafindan yayimlanan resmi bir sektor agregasi degildir. Panelin uretim trendi ve mevsimselligi bu seriyle karsilastirilarak dogrulanir.
TUIK-SUE-025;Sanayi Uretim Endeksi;kozmetik;C2042;2025Q3;106,7;endeks (2021=100);official_open;SRC-016;TUIK Veri Portali SDMX API - dataflow TR,DF_SANAYI_URETIM_ENDEKS_ALT_C,1.0 (INDICATOR=II_SUE, DEGISIM_TUR=1 Endeks, SEASONAL_ADJUST=N arindirilmamis, BASE_PER=2021) - aylik seri ceyreklik ortalamaya donusturulmustur;Sektor endeksi, karsilik gelen NACE Rev.2 grup/sinif endekslerinin BASIT ORTALAMASIDIR - TUIK tarafindan yayimlanan resmi bir sektor agregasi degildir. Panelin uretim trendi ve mevsimselligi bu seriyle karsilastirilarak dogrulanir.
TUIK-SUE-026;Sanayi Uretim Endeksi;kozmetik;C2042;2025Q4;113,8;endeks (2021=100);official_open;SRC-016;TUIK Veri Portali SDMX API - dataflow TR,DF_SANAYI_URETIM_ENDEKS_ALT_C,1.0 (INDICATOR=II_SUE, DEGISIM_TUR=1 Endeks, SEASONAL_ADJUST=N arindirilmamis, BASE_PER=2021) - aylik seri ceyreklik ortalamaya donusturulmustur;Sektor endeksi, karsilik gelen NACE Rev.2 grup/sinif endekslerinin BASIT ORTALAMASIDIR - TUIK tarafindan yayimlanan resmi bir sektor agregasi degildir. Panelin uretim trendi ve mevsimselligi bu seriyle karsilastirilarak dogrulanir.
TUIK-SUE-027;Sanayi Uretim Endeksi;kozmetik;C2042;2026Q1;108,5;endeks (2021=100);official_open;SRC-016;TUIK Veri Portali SDMX API - dataflow TR,DF_SANAYI_URETIM_ENDEKS_ALT_C,1.0 (INDICATOR=II_SUE, DEGISIM_TUR=1 Endeks, SEASONAL_ADJUST=N arindirilmamis, BASE_PER=2021) - aylik seri ceyreklik ortalamaya donusturulmustur;Sektor endeksi, karsilik gelen NACE Rev.2 grup/sinif endekslerinin BASIT ORTALAMASIDIR - TUIK tarafindan yayimlanan resmi bir sektor agregasi degildir. Panelin uretim trendi ve mevsimselligi bu seriyle karsilastirilarak dogrulanir.
TUIK-SUE-028;Sanayi Uretim Endeksi;kozmetik;C2042;2026Q2;117,7;endeks (2021=100);official_open;SRC-016;TUIK Veri Portali SDMX API - dataflow TR,DF_SANAYI_URETIM_ENDEKS_ALT_C,1.0 (INDICATOR=II_SUE, DEGISIM_TUR=1 Endeks, SEASONAL_ADJUST=N arindirilmamis, BASE_PER=2021) - aylik seri ceyreklik ortalamaya donusturulmustur;Sektor endeksi, karsilik gelen NACE Rev.2 grup/sinif endekslerinin BASIT ORTALAMASIDIR - TUIK tarafindan yayimlanan resmi bir sektor agregasi degildir. Panelin uretim trendi ve mevsimselligi bu seriyle karsilastirilarak dogrulanir.
TUIK-SUE-029;Sanayi Uretim Endeksi;ev_temizlik;C2041;2023Q1;112,9;endeks (2021=100);official_open;SRC-016;TUIK Veri Portali SDMX API - dataflow TR,DF_SANAYI_URETIM_ENDEKS_ALT_C,1.0 (INDICATOR=II_SUE, DEGISIM_TUR=1 Endeks, SEASONAL_ADJUST=N arindirilmamis, BASE_PER=2021) - aylik seri ceyreklik ortalamaya donusturulmustur;Sektor endeksi, karsilik gelen NACE Rev.2 grup/sinif endekslerinin BASIT ORTALAMASIDIR - TUIK tarafindan yayimlanan resmi bir sektor agregasi degildir. Panelin uretim trendi ve mevsimselligi bu seriyle karsilastirilarak dogrulanir.
TUIK-SUE-030;Sanayi Uretim Endeksi;ev_temizlik;C2041;2023Q2;101,1;endeks (2021=100);official_open;SRC-016;TUIK Veri Portali SDMX API - dataflow TR,DF_SANAYI_URETIM_ENDEKS_ALT_C,1.0 (INDICATOR=II_SUE, DEGISIM_TUR=1 Endeks, SEASONAL_ADJUST=N arindirilmamis, BASE_PER=2021) - aylik seri ceyreklik ortalamaya donusturulmustur;Sektor endeksi, karsilik gelen NACE Rev.2 grup/sinif endekslerinin BASIT ORTALAMASIDIR - TUIK tarafindan yayimlanan resmi bir sektor agregasi degildir. Panelin uretim trendi ve mevsimselligi bu seriyle karsilastirilarak dogrulanir.
TUIK-SUE-031;Sanayi Uretim Endeksi;ev_temizlik;C2041;2023Q3;115,2;endeks (2021=100);official_open;SRC-016;TUIK Veri Portali SDMX API - dataflow TR,DF_SANAYI_URETIM_ENDEKS_ALT_C,1.0 (INDICATOR=II_SUE, DEGISIM_TUR=1 Endeks, SEASONAL_ADJUST=N arindirilmamis, BASE_PER=2021) - aylik seri ceyreklik ortalamaya donusturulmustur;Sektor endeksi, karsilik gelen NACE Rev.2 grup/sinif endekslerinin BASIT ORTALAMASIDIR - TUIK tarafindan yayimlanan resmi bir sektor agregasi degildir. Panelin uretim trendi ve mevsimselligi bu seriyle karsilastirilarak dogrulanir.
TUIK-SUE-032;Sanayi Uretim Endeksi;ev_temizlik;C2041;2023Q4;112,6;endeks (2021=100);official_open;SRC-016;TUIK Veri Portali SDMX API - dataflow TR,DF_SANAYI_URETIM_ENDEKS_ALT_C,1.0 (INDICATOR=II_SUE, DEGISIM_TUR=1 Endeks, SEASONAL_ADJUST=N arindirilmamis, BASE_PER=2021) - aylik seri ceyreklik ortalamaya donusturulmustur;Sektor endeksi, karsilik gelen NACE Rev.2 grup/sinif endekslerinin BASIT ORTALAMASIDIR - TUIK tarafindan yayimlanan resmi bir sektor agregasi degildir. Panelin uretim trendi ve mevsimselligi bu seriyle karsilastirilarak dogrulanir.
TUIK-SUE-033;Sanayi Uretim Endeksi;ev_temizlik;C2041;2024Q1;118,5;endeks (2021=100);official_open;SRC-016;TUIK Veri Portali SDMX API - dataflow TR,DF_SANAYI_URETIM_ENDEKS_ALT_C,1.0 (INDICATOR=II_SUE, DEGISIM_TUR=1 Endeks, SEASONAL_ADJUST=N arindirilmamis, BASE_PER=2021) - aylik seri ceyreklik ortalamaya donusturulmustur;Sektor endeksi, karsilik gelen NACE Rev.2 grup/sinif endekslerinin BASIT ORTALAMASIDIR - TUIK tarafindan yayimlanan resmi bir sektor agregasi degildir. Panelin uretim trendi ve mevsimselligi bu seriyle karsilastirilarak dogrulanir.
TUIK-SUE-034;Sanayi Uretim Endeksi;ev_temizlik;C2041;2024Q2;95,0;endeks (2021=100);official_open;SRC-016;TUIK Veri Portali SDMX API - dataflow TR,DF_SANAYI_URETIM_ENDEKS_ALT_C,1.0 (INDICATOR=II_SUE, DEGISIM_TUR=1 Endeks, SEASONAL_ADJUST=N arindirilmamis, BASE_PER=2021) - aylik seri ceyreklik ortalamaya donusturulmustur;Sektor endeksi, karsilik gelen NACE Rev.2 grup/sinif endekslerinin BASIT ORTALAMASIDIR - TUIK tarafindan yayimlanan resmi bir sektor agregasi degildir. Panelin uretim trendi ve mevsimselligi bu seriyle karsilastirilarak dogrulanir.
TUIK-SUE-035;Sanayi Uretim Endeksi;ev_temizlik;C2041;2024Q3;110,6;endeks (2021=100);official_open;SRC-016;TUIK Veri Portali SDMX API - dataflow TR,DF_SANAYI_URETIM_ENDEKS_ALT_C,1.0 (INDICATOR=II_SUE, DEGISIM_TUR=1 Endeks, SEASONAL_ADJUST=N arindirilmamis, BASE_PER=2021) - aylik seri ceyreklik ortalamaya donusturulmustur;Sektor endeksi, karsilik gelen NACE Rev.2 grup/sinif endekslerinin BASIT ORTALAMASIDIR - TUIK tarafindan yayimlanan resmi bir sektor agregasi degildir. Panelin uretim trendi ve mevsimselligi bu seriyle karsilastirilarak dogrulanir.
TUIK-SUE-036;Sanayi Uretim Endeksi;ev_temizlik;C2041;2024Q4;121,0;endeks (2021=100);official_open;SRC-016;TUIK Veri Portali SDMX API - dataflow TR,DF_SANAYI_URETIM_ENDEKS_ALT_C,1.0 (INDICATOR=II_SUE, DEGISIM_TUR=1 Endeks, SEASONAL_ADJUST=N arindirilmamis, BASE_PER=2021) - aylik seri ceyreklik ortalamaya donusturulmustur;Sektor endeksi, karsilik gelen NACE Rev.2 grup/sinif endekslerinin BASIT ORTALAMASIDIR - TUIK tarafindan yayimlanan resmi bir sektor agregasi degildir. Panelin uretim trendi ve mevsimselligi bu seriyle karsilastirilarak dogrulanir.
TUIK-SUE-037;Sanayi Uretim Endeksi;ev_temizlik;C2041;2025Q1;122,2;endeks (2021=100);official_open;SRC-016;TUIK Veri Portali SDMX API - dataflow TR,DF_SANAYI_URETIM_ENDEKS_ALT_C,1.0 (INDICATOR=II_SUE, DEGISIM_TUR=1 Endeks, SEASONAL_ADJUST=N arindirilmamis, BASE_PER=2021) - aylik seri ceyreklik ortalamaya donusturulmustur;Sektor endeksi, karsilik gelen NACE Rev.2 grup/sinif endekslerinin BASIT ORTALAMASIDIR - TUIK tarafindan yayimlanan resmi bir sektor agregasi degildir. Panelin uretim trendi ve mevsimselligi bu seriyle karsilastirilarak dogrulanir.
TUIK-SUE-038;Sanayi Uretim Endeksi;ev_temizlik;C2041;2025Q2;121,2;endeks (2021=100);official_open;SRC-016;TUIK Veri Portali SDMX API - dataflow TR,DF_SANAYI_URETIM_ENDEKS_ALT_C,1.0 (INDICATOR=II_SUE, DEGISIM_TUR=1 Endeks, SEASONAL_ADJUST=N arindirilmamis, BASE_PER=2021) - aylik seri ceyreklik ortalamaya donusturulmustur;Sektor endeksi, karsilik gelen NACE Rev.2 grup/sinif endekslerinin BASIT ORTALAMASIDIR - TUIK tarafindan yayimlanan resmi bir sektor agregasi degildir. Panelin uretim trendi ve mevsimselligi bu seriyle karsilastirilarak dogrulanir.
TUIK-SUE-039;Sanayi Uretim Endeksi;ev_temizlik;C2041;2025Q3;124,4;endeks (2021=100);official_open;SRC-016;TUIK Veri Portali SDMX API - dataflow TR,DF_SANAYI_URETIM_ENDEKS_ALT_C,1.0 (INDICATOR=II_SUE, DEGISIM_TUR=1 Endeks, SEASONAL_ADJUST=N arindirilmamis, BASE_PER=2021) - aylik seri ceyreklik ortalamaya donusturulmustur;Sektor endeksi, karsilik gelen NACE Rev.2 grup/sinif endekslerinin BASIT ORTALAMASIDIR - TUIK tarafindan yayimlanan resmi bir sektor agregasi degildir. Panelin uretim trendi ve mevsimselligi bu seriyle karsilastirilarak dogrulanir.
TUIK-SUE-040;Sanayi Uretim Endeksi;ev_temizlik;C2041;2025Q4;128,4;endeks (2021=100);official_open;SRC-016;TUIK Veri Portali SDMX API - dataflow TR,DF_SANAYI_URETIM_ENDEKS_ALT_C,1.0 (INDICATOR=II_SUE, DEGISIM_TUR=1 Endeks, SEASONAL_ADJUST=N arindirilmamis, BASE_PER=2021) - aylik seri ceyreklik ortalamaya donusturulmustur;Sektor endeksi, karsilik gelen NACE Rev.2 grup/sinif endekslerinin BASIT ORTALAMASIDIR - TUIK tarafindan yayimlanan resmi bir sektor agregasi degildir. Panelin uretim trendi ve mevsimselligi bu seriyle karsilastirilarak dogrulanir.
TUIK-SUE-041;Sanayi Uretim Endeksi;ev_temizlik;C2041;2026Q1;123,3;endeks (2021=100);official_open;SRC-016;TUIK Veri Portali SDMX API - dataflow TR,DF_SANAYI_URETIM_ENDEKS_ALT_C,1.0 (INDICATOR=II_SUE, DEGISIM_TUR=1 Endeks, SEASONAL_ADJUST=N arindirilmamis, BASE_PER=2021) - aylik seri ceyreklik ortalamaya donusturulmustur;Sektor endeksi, karsilik gelen NACE Rev.2 grup/sinif endekslerinin BASIT ORTALAMASIDIR - TUIK tarafindan yayimlanan resmi bir sektor agregasi degildir. Panelin uretim trendi ve mevsimselligi bu seriyle karsilastirilarak dogrulanir.
TUIK-SUE-042;Sanayi Uretim Endeksi;ev_temizlik;C2041;2026Q2;115,0;endeks (2021=100);official_open;SRC-016;TUIK Veri Portali SDMX API - dataflow TR,DF_SANAYI_URETIM_ENDEKS_ALT_C,1.0 (INDICATOR=II_SUE, DEGISIM_TUR=1 Endeks, SEASONAL_ADJUST=N arindirilmamis, BASE_PER=2021) - aylik seri ceyreklik ortalamaya donusturulmustur;Sektor endeksi, karsilik gelen NACE Rev.2 grup/sinif endekslerinin BASIT ORTALAMASIDIR - TUIK tarafindan yayimlanan resmi bir sektor agregasi degildir. Panelin uretim trendi ve mevsimselligi bu seriyle karsilastirilarak dogrulanir.
TUIK-SUE-043;Sanayi Uretim Endeksi;elektronik;C261-C268, C271-C275, C279;2023Q1;124,0;endeks (2021=100);official_open;SRC-016;TUIK Veri Portali SDMX API - dataflow TR,DF_SANAYI_URETIM_ENDEKS_ALT_C,1.0 (INDICATOR=II_SUE, DEGISIM_TUR=1 Endeks, SEASONAL_ADJUST=N arindirilmamis, BASE_PER=2021) - aylik seri ceyreklik ortalamaya donusturulmustur;Sektor endeksi, karsilik gelen NACE Rev.2 grup/sinif endekslerinin BASIT ORTALAMASIDIR - TUIK tarafindan yayimlanan resmi bir sektor agregasi degildir. Panelin uretim trendi ve mevsimselligi bu seriyle karsilastirilarak dogrulanir.
TUIK-SUE-044;Sanayi Uretim Endeksi;elektronik;C261-C268, C271-C275, C279;2023Q2;129,3;endeks (2021=100);official_open;SRC-016;TUIK Veri Portali SDMX API - dataflow TR,DF_SANAYI_URETIM_ENDEKS_ALT_C,1.0 (INDICATOR=II_SUE, DEGISIM_TUR=1 Endeks, SEASONAL_ADJUST=N arindirilmamis, BASE_PER=2021) - aylik seri ceyreklik ortalamaya donusturulmustur;Sektor endeksi, karsilik gelen NACE Rev.2 grup/sinif endekslerinin BASIT ORTALAMASIDIR - TUIK tarafindan yayimlanan resmi bir sektor agregasi degildir. Panelin uretim trendi ve mevsimselligi bu seriyle karsilastirilarak dogrulanir.
TUIK-SUE-045;Sanayi Uretim Endeksi;elektronik;C261-C268, C271-C275, C279;2023Q3;153,3;endeks (2021=100);official_open;SRC-016;TUIK Veri Portali SDMX API - dataflow TR,DF_SANAYI_URETIM_ENDEKS_ALT_C,1.0 (INDICATOR=II_SUE, DEGISIM_TUR=1 Endeks, SEASONAL_ADJUST=N arindirilmamis, BASE_PER=2021) - aylik seri ceyreklik ortalamaya donusturulmustur;Sektor endeksi, karsilik gelen NACE Rev.2 grup/sinif endekslerinin BASIT ORTALAMASIDIR - TUIK tarafindan yayimlanan resmi bir sektor agregasi degildir. Panelin uretim trendi ve mevsimselligi bu seriyle karsilastirilarak dogrulanir.
TUIK-SUE-046;Sanayi Uretim Endeksi;elektronik;C261-C268, C271-C275, C279;2023Q4;175,8;endeks (2021=100);official_open;SRC-016;TUIK Veri Portali SDMX API - dataflow TR,DF_SANAYI_URETIM_ENDEKS_ALT_C,1.0 (INDICATOR=II_SUE, DEGISIM_TUR=1 Endeks, SEASONAL_ADJUST=N arindirilmamis, BASE_PER=2021) - aylik seri ceyreklik ortalamaya donusturulmustur;Sektor endeksi, karsilik gelen NACE Rev.2 grup/sinif endekslerinin BASIT ORTALAMASIDIR - TUIK tarafindan yayimlanan resmi bir sektor agregasi degildir. Panelin uretim trendi ve mevsimselligi bu seriyle karsilastirilarak dogrulanir.
TUIK-SUE-047;Sanayi Uretim Endeksi;elektronik;C261-C268, C271-C275, C279;2024Q1;129,6;endeks (2021=100);official_open;SRC-016;TUIK Veri Portali SDMX API - dataflow TR,DF_SANAYI_URETIM_ENDEKS_ALT_C,1.0 (INDICATOR=II_SUE, DEGISIM_TUR=1 Endeks, SEASONAL_ADJUST=N arindirilmamis, BASE_PER=2021) - aylik seri ceyreklik ortalamaya donusturulmustur;Sektor endeksi, karsilik gelen NACE Rev.2 grup/sinif endekslerinin BASIT ORTALAMASIDIR - TUIK tarafindan yayimlanan resmi bir sektor agregasi degildir. Panelin uretim trendi ve mevsimselligi bu seriyle karsilastirilarak dogrulanir.
TUIK-SUE-048;Sanayi Uretim Endeksi;elektronik;C261-C268, C271-C275, C279;2024Q2;119,2;endeks (2021=100);official_open;SRC-016;TUIK Veri Portali SDMX API - dataflow TR,DF_SANAYI_URETIM_ENDEKS_ALT_C,1.0 (INDICATOR=II_SUE, DEGISIM_TUR=1 Endeks, SEASONAL_ADJUST=N arindirilmamis, BASE_PER=2021) - aylik seri ceyreklik ortalamaya donusturulmustur;Sektor endeksi, karsilik gelen NACE Rev.2 grup/sinif endekslerinin BASIT ORTALAMASIDIR - TUIK tarafindan yayimlanan resmi bir sektor agregasi degildir. Panelin uretim trendi ve mevsimselligi bu seriyle karsilastirilarak dogrulanir.
TUIK-SUE-049;Sanayi Uretim Endeksi;elektronik;C261-C268, C271-C275, C279;2024Q3;138,5;endeks (2021=100);official_open;SRC-016;TUIK Veri Portali SDMX API - dataflow TR,DF_SANAYI_URETIM_ENDEKS_ALT_C,1.0 (INDICATOR=II_SUE, DEGISIM_TUR=1 Endeks, SEASONAL_ADJUST=N arindirilmamis, BASE_PER=2021) - aylik seri ceyreklik ortalamaya donusturulmustur;Sektor endeksi, karsilik gelen NACE Rev.2 grup/sinif endekslerinin BASIT ORTALAMASIDIR - TUIK tarafindan yayimlanan resmi bir sektor agregasi degildir. Panelin uretim trendi ve mevsimselligi bu seriyle karsilastirilarak dogrulanir.
TUIK-SUE-050;Sanayi Uretim Endeksi;elektronik;C261-C268, C271-C275, C279;2024Q4;163,6;endeks (2021=100);official_open;SRC-016;TUIK Veri Portali SDMX API - dataflow TR,DF_SANAYI_URETIM_ENDEKS_ALT_C,1.0 (INDICATOR=II_SUE, DEGISIM_TUR=1 Endeks, SEASONAL_ADJUST=N arindirilmamis, BASE_PER=2021) - aylik seri ceyreklik ortalamaya donusturulmustur;Sektor endeksi, karsilik gelen NACE Rev.2 grup/sinif endekslerinin BASIT ORTALAMASIDIR - TUIK tarafindan yayimlanan resmi bir sektor agregasi degildir. Panelin uretim trendi ve mevsimselligi bu seriyle karsilastirilarak dogrulanir.
TUIK-SUE-051;Sanayi Uretim Endeksi;elektronik;C261-C268, C271-C275, C279;2025Q1;127,8;endeks (2021=100);official_open;SRC-016;TUIK Veri Portali SDMX API - dataflow TR,DF_SANAYI_URETIM_ENDEKS_ALT_C,1.0 (INDICATOR=II_SUE, DEGISIM_TUR=1 Endeks, SEASONAL_ADJUST=N arindirilmamis, BASE_PER=2021) - aylik seri ceyreklik ortalamaya donusturulmustur;Sektor endeksi, karsilik gelen NACE Rev.2 grup/sinif endekslerinin BASIT ORTALAMASIDIR - TUIK tarafindan yayimlanan resmi bir sektor agregasi degildir. Panelin uretim trendi ve mevsimselligi bu seriyle karsilastirilarak dogrulanir.
TUIK-SUE-052;Sanayi Uretim Endeksi;elektronik;C261-C268, C271-C275, C279;2025Q2;135,3;endeks (2021=100);official_open;SRC-016;TUIK Veri Portali SDMX API - dataflow TR,DF_SANAYI_URETIM_ENDEKS_ALT_C,1.0 (INDICATOR=II_SUE, DEGISIM_TUR=1 Endeks, SEASONAL_ADJUST=N arindirilmamis, BASE_PER=2021) - aylik seri ceyreklik ortalamaya donusturulmustur;Sektor endeksi, karsilik gelen NACE Rev.2 grup/sinif endekslerinin BASIT ORTALAMASIDIR - TUIK tarafindan yayimlanan resmi bir sektor agregasi degildir. Panelin uretim trendi ve mevsimselligi bu seriyle karsilastirilarak dogrulanir.
TUIK-SUE-053;Sanayi Uretim Endeksi;elektronik;C261-C268, C271-C275, C279;2025Q3;153,0;endeks (2021=100);official_open;SRC-016;TUIK Veri Portali SDMX API - dataflow TR,DF_SANAYI_URETIM_ENDEKS_ALT_C,1.0 (INDICATOR=II_SUE, DEGISIM_TUR=1 Endeks, SEASONAL_ADJUST=N arindirilmamis, BASE_PER=2021) - aylik seri ceyreklik ortalamaya donusturulmustur;Sektor endeksi, karsilik gelen NACE Rev.2 grup/sinif endekslerinin BASIT ORTALAMASIDIR - TUIK tarafindan yayimlanan resmi bir sektor agregasi degildir. Panelin uretim trendi ve mevsimselligi bu seriyle karsilastirilarak dogrulanir.
TUIK-SUE-054;Sanayi Uretim Endeksi;elektronik;C261-C268, C271-C275, C279;2025Q4;186,5;endeks (2021=100);official_open;SRC-016;TUIK Veri Portali SDMX API - dataflow TR,DF_SANAYI_URETIM_ENDEKS_ALT_C,1.0 (INDICATOR=II_SUE, DEGISIM_TUR=1 Endeks, SEASONAL_ADJUST=N arindirilmamis, BASE_PER=2021) - aylik seri ceyreklik ortalamaya donusturulmustur;Sektor endeksi, karsilik gelen NACE Rev.2 grup/sinif endekslerinin BASIT ORTALAMASIDIR - TUIK tarafindan yayimlanan resmi bir sektor agregasi degildir. Panelin uretim trendi ve mevsimselligi bu seriyle karsilastirilarak dogrulanir.
TUIK-SUE-055;Sanayi Uretim Endeksi;elektronik;C261-C268, C271-C275, C279;2026Q1;144,9;endeks (2021=100);official_open;SRC-016;TUIK Veri Portali SDMX API - dataflow TR,DF_SANAYI_URETIM_ENDEKS_ALT_C,1.0 (INDICATOR=II_SUE, DEGISIM_TUR=1 Endeks, SEASONAL_ADJUST=N arindirilmamis, BASE_PER=2021) - aylik seri ceyreklik ortalamaya donusturulmustur;Sektor endeksi, karsilik gelen NACE Rev.2 grup/sinif endekslerinin BASIT ORTALAMASIDIR - TUIK tarafindan yayimlanan resmi bir sektor agregasi degildir. Panelin uretim trendi ve mevsimselligi bu seriyle karsilastirilarak dogrulanir.
TUIK-SUE-056;Sanayi Uretim Endeksi;elektronik;C261-C268, C271-C275, C279;2026Q2;144,2;endeks (2021=100);official_open;SRC-016;TUIK Veri Portali SDMX API - dataflow TR,DF_SANAYI_URETIM_ENDEKS_ALT_C,1.0 (INDICATOR=II_SUE, DEGISIM_TUR=1 Endeks, SEASONAL_ADJUST=N arindirilmamis, BASE_PER=2021) - aylik seri ceyreklik ortalamaya donusturulmustur;Sektor endeksi, karsilik gelen NACE Rev.2 grup/sinif endekslerinin BASIT ORTALAMASIDIR - TUIK tarafindan yayimlanan resmi bir sektor agregasi degildir. Panelin uretim trendi ve mevsimselligi bu seriyle karsilastirilarak dogrulanir.
TUIK-SUE-057;Sanayi Uretim Endeksi;tekstil;C131-C133, C139, C141-C143;2023Q1;99,7;endeks (2021=100);official_open;SRC-016;TUIK Veri Portali SDMX API - dataflow TR,DF_SANAYI_URETIM_ENDEKS_ALT_C,1.0 (INDICATOR=II_SUE, DEGISIM_TUR=1 Endeks, SEASONAL_ADJUST=N arindirilmamis, BASE_PER=2021) - aylik seri ceyreklik ortalamaya donusturulmustur;Sektor endeksi, karsilik gelen NACE Rev.2 grup/sinif endekslerinin BASIT ORTALAMASIDIR - TUIK tarafindan yayimlanan resmi bir sektor agregasi degildir. Panelin uretim trendi ve mevsimselligi bu seriyle karsilastirilarak dogrulanir.
TUIK-SUE-058;Sanayi Uretim Endeksi;tekstil;C131-C133, C139, C141-C143;2023Q2;101,6;endeks (2021=100);official_open;SRC-016;TUIK Veri Portali SDMX API - dataflow TR,DF_SANAYI_URETIM_ENDEKS_ALT_C,1.0 (INDICATOR=II_SUE, DEGISIM_TUR=1 Endeks, SEASONAL_ADJUST=N arindirilmamis, BASE_PER=2021) - aylik seri ceyreklik ortalamaya donusturulmustur;Sektor endeksi, karsilik gelen NACE Rev.2 grup/sinif endekslerinin BASIT ORTALAMASIDIR - TUIK tarafindan yayimlanan resmi bir sektor agregasi degildir. Panelin uretim trendi ve mevsimselligi bu seriyle karsilastirilarak dogrulanir.
TUIK-SUE-059;Sanayi Uretim Endeksi;tekstil;C131-C133, C139, C141-C143;2023Q3;115,1;endeks (2021=100);official_open;SRC-016;TUIK Veri Portali SDMX API - dataflow TR,DF_SANAYI_URETIM_ENDEKS_ALT_C,1.0 (INDICATOR=II_SUE, DEGISIM_TUR=1 Endeks, SEASONAL_ADJUST=N arindirilmamis, BASE_PER=2021) - aylik seri ceyreklik ortalamaya donusturulmustur;Sektor endeksi, karsilik gelen NACE Rev.2 grup/sinif endekslerinin BASIT ORTALAMASIDIR - TUIK tarafindan yayimlanan resmi bir sektor agregasi degildir. Panelin uretim trendi ve mevsimselligi bu seriyle karsilastirilarak dogrulanir.
TUIK-SUE-060;Sanayi Uretim Endeksi;tekstil;C131-C133, C139, C141-C143;2023Q4;106,2;endeks (2021=100);official_open;SRC-016;TUIK Veri Portali SDMX API - dataflow TR,DF_SANAYI_URETIM_ENDEKS_ALT_C,1.0 (INDICATOR=II_SUE, DEGISIM_TUR=1 Endeks, SEASONAL_ADJUST=N arindirilmamis, BASE_PER=2021) - aylik seri ceyreklik ortalamaya donusturulmustur;Sektor endeksi, karsilik gelen NACE Rev.2 grup/sinif endekslerinin BASIT ORTALAMASIDIR - TUIK tarafindan yayimlanan resmi bir sektor agregasi degildir. Panelin uretim trendi ve mevsimselligi bu seriyle karsilastirilarak dogrulanir.
TUIK-SUE-061;Sanayi Uretim Endeksi;tekstil;C131-C133, C139, C141-C143;2024Q1;92,9;endeks (2021=100);official_open;SRC-016;TUIK Veri Portali SDMX API - dataflow TR,DF_SANAYI_URETIM_ENDEKS_ALT_C,1.0 (INDICATOR=II_SUE, DEGISIM_TUR=1 Endeks, SEASONAL_ADJUST=N arindirilmamis, BASE_PER=2021) - aylik seri ceyreklik ortalamaya donusturulmustur;Sektor endeksi, karsilik gelen NACE Rev.2 grup/sinif endekslerinin BASIT ORTALAMASIDIR - TUIK tarafindan yayimlanan resmi bir sektor agregasi degildir. Panelin uretim trendi ve mevsimselligi bu seriyle karsilastirilarak dogrulanir.
TUIK-SUE-062;Sanayi Uretim Endeksi;tekstil;C131-C133, C139, C141-C143;2024Q2;94,7;endeks (2021=100);official_open;SRC-016;TUIK Veri Portali SDMX API - dataflow TR,DF_SANAYI_URETIM_ENDEKS_ALT_C,1.0 (INDICATOR=II_SUE, DEGISIM_TUR=1 Endeks, SEASONAL_ADJUST=N arindirilmamis, BASE_PER=2021) - aylik seri ceyreklik ortalamaya donusturulmustur;Sektor endeksi, karsilik gelen NACE Rev.2 grup/sinif endekslerinin BASIT ORTALAMASIDIR - TUIK tarafindan yayimlanan resmi bir sektor agregasi degildir. Panelin uretim trendi ve mevsimselligi bu seriyle karsilastirilarak dogrulanir.
TUIK-SUE-063;Sanayi Uretim Endeksi;tekstil;C131-C133, C139, C141-C143;2024Q3;120,3;endeks (2021=100);official_open;SRC-016;TUIK Veri Portali SDMX API - dataflow TR,DF_SANAYI_URETIM_ENDEKS_ALT_C,1.0 (INDICATOR=II_SUE, DEGISIM_TUR=1 Endeks, SEASONAL_ADJUST=N arindirilmamis, BASE_PER=2021) - aylik seri ceyreklik ortalamaya donusturulmustur;Sektor endeksi, karsilik gelen NACE Rev.2 grup/sinif endekslerinin BASIT ORTALAMASIDIR - TUIK tarafindan yayimlanan resmi bir sektor agregasi degildir. Panelin uretim trendi ve mevsimselligi bu seriyle karsilastirilarak dogrulanir.
TUIK-SUE-064;Sanayi Uretim Endeksi;tekstil;C131-C133, C139, C141-C143;2024Q4;112,8;endeks (2021=100);official_open;SRC-016;TUIK Veri Portali SDMX API - dataflow TR,DF_SANAYI_URETIM_ENDEKS_ALT_C,1.0 (INDICATOR=II_SUE, DEGISIM_TUR=1 Endeks, SEASONAL_ADJUST=N arindirilmamis, BASE_PER=2021) - aylik seri ceyreklik ortalamaya donusturulmustur;Sektor endeksi, karsilik gelen NACE Rev.2 grup/sinif endekslerinin BASIT ORTALAMASIDIR - TUIK tarafindan yayimlanan resmi bir sektor agregasi degildir. Panelin uretim trendi ve mevsimselligi bu seriyle karsilastirilarak dogrulanir.
TUIK-SUE-065;Sanayi Uretim Endeksi;tekstil;C131-C133, C139, C141-C143;2025Q1;96,6;endeks (2021=100);official_open;SRC-016;TUIK Veri Portali SDMX API - dataflow TR,DF_SANAYI_URETIM_ENDEKS_ALT_C,1.0 (INDICATOR=II_SUE, DEGISIM_TUR=1 Endeks, SEASONAL_ADJUST=N arindirilmamis, BASE_PER=2021) - aylik seri ceyreklik ortalamaya donusturulmustur;Sektor endeksi, karsilik gelen NACE Rev.2 grup/sinif endekslerinin BASIT ORTALAMASIDIR - TUIK tarafindan yayimlanan resmi bir sektor agregasi degildir. Panelin uretim trendi ve mevsimselligi bu seriyle karsilastirilarak dogrulanir.
TUIK-SUE-066;Sanayi Uretim Endeksi;tekstil;C131-C133, C139, C141-C143;2025Q2;92,5;endeks (2021=100);official_open;SRC-016;TUIK Veri Portali SDMX API - dataflow TR,DF_SANAYI_URETIM_ENDEKS_ALT_C,1.0 (INDICATOR=II_SUE, DEGISIM_TUR=1 Endeks, SEASONAL_ADJUST=N arindirilmamis, BASE_PER=2021) - aylik seri ceyreklik ortalamaya donusturulmustur;Sektor endeksi, karsilik gelen NACE Rev.2 grup/sinif endekslerinin BASIT ORTALAMASIDIR - TUIK tarafindan yayimlanan resmi bir sektor agregasi degildir. Panelin uretim trendi ve mevsimselligi bu seriyle karsilastirilarak dogrulanir.
TUIK-SUE-067;Sanayi Uretim Endeksi;tekstil;C131-C133, C139, C141-C143;2025Q3;99,7;endeks (2021=100);official_open;SRC-016;TUIK Veri Portali SDMX API - dataflow TR,DF_SANAYI_URETIM_ENDEKS_ALT_C,1.0 (INDICATOR=II_SUE, DEGISIM_TUR=1 Endeks, SEASONAL_ADJUST=N arindirilmamis, BASE_PER=2021) - aylik seri ceyreklik ortalamaya donusturulmustur;Sektor endeksi, karsilik gelen NACE Rev.2 grup/sinif endekslerinin BASIT ORTALAMASIDIR - TUIK tarafindan yayimlanan resmi bir sektor agregasi degildir. Panelin uretim trendi ve mevsimselligi bu seriyle karsilastirilarak dogrulanir.
TUIK-SUE-068;Sanayi Uretim Endeksi;tekstil;C131-C133, C139, C141-C143;2025Q4;96,1;endeks (2021=100);official_open;SRC-016;TUIK Veri Portali SDMX API - dataflow TR,DF_SANAYI_URETIM_ENDEKS_ALT_C,1.0 (INDICATOR=II_SUE, DEGISIM_TUR=1 Endeks, SEASONAL_ADJUST=N arindirilmamis, BASE_PER=2021) - aylik seri ceyreklik ortalamaya donusturulmustur;Sektor endeksi, karsilik gelen NACE Rev.2 grup/sinif endekslerinin BASIT ORTALAMASIDIR - TUIK tarafindan yayimlanan resmi bir sektor agregasi degildir. Panelin uretim trendi ve mevsimselligi bu seriyle karsilastirilarak dogrulanir.
TUIK-SUE-069;Sanayi Uretim Endeksi;tekstil;C131-C133, C139, C141-C143;2026Q1;79,1;endeks (2021=100);official_open;SRC-016;TUIK Veri Portali SDMX API - dataflow TR,DF_SANAYI_URETIM_ENDEKS_ALT_C,1.0 (INDICATOR=II_SUE, DEGISIM_TUR=1 Endeks, SEASONAL_ADJUST=N arindirilmamis, BASE_PER=2021) - aylik seri ceyreklik ortalamaya donusturulmustur;Sektor endeksi, karsilik gelen NACE Rev.2 grup/sinif endekslerinin BASIT ORTALAMASIDIR - TUIK tarafindan yayimlanan resmi bir sektor agregasi degildir. Panelin uretim trendi ve mevsimselligi bu seriyle karsilastirilarak dogrulanir.
TUIK-SUE-070;Sanayi Uretim Endeksi;tekstil;C131-C133, C139, C141-C143;2026Q2;86,1;endeks (2021=100);official_open;SRC-016;TUIK Veri Portali SDMX API - dataflow TR,DF_SANAYI_URETIM_ENDEKS_ALT_C,1.0 (INDICATOR=II_SUE, DEGISIM_TUR=1 Endeks, SEASONAL_ADJUST=N arindirilmamis, BASE_PER=2021) - aylik seri ceyreklik ortalamaya donusturulmustur;Sektor endeksi, karsilik gelen NACE Rev.2 grup/sinif endekslerinin BASIT ORTALAMASIDIR - TUIK tarafindan yayimlanan resmi bir sektor agregasi degildir. Panelin uretim trendi ve mevsimselligi bu seriyle karsilastirilarak dogrulanir.
TUIK-SUE-071;Sanayi Uretim Endeksi;otomotiv_yan_sanayi;C293;2023Q1;130,9;endeks (2021=100);official_open;SRC-016;TUIK Veri Portali SDMX API - dataflow TR,DF_SANAYI_URETIM_ENDEKS_ALT_C,1.0 (INDICATOR=II_SUE, DEGISIM_TUR=1 Endeks, SEASONAL_ADJUST=N arindirilmamis, BASE_PER=2021) - aylik seri ceyreklik ortalamaya donusturulmustur;Sektor endeksi, karsilik gelen NACE Rev.2 grup/sinif endekslerinin BASIT ORTALAMASIDIR - TUIK tarafindan yayimlanan resmi bir sektor agregasi degildir. Panelin uretim trendi ve mevsimselligi bu seriyle karsilastirilarak dogrulanir.
TUIK-SUE-072;Sanayi Uretim Endeksi;otomotiv_yan_sanayi;C293;2023Q2;131,4;endeks (2021=100);official_open;SRC-016;TUIK Veri Portali SDMX API - dataflow TR,DF_SANAYI_URETIM_ENDEKS_ALT_C,1.0 (INDICATOR=II_SUE, DEGISIM_TUR=1 Endeks, SEASONAL_ADJUST=N arindirilmamis, BASE_PER=2021) - aylik seri ceyreklik ortalamaya donusturulmustur;Sektor endeksi, karsilik gelen NACE Rev.2 grup/sinif endekslerinin BASIT ORTALAMASIDIR - TUIK tarafindan yayimlanan resmi bir sektor agregasi degildir. Panelin uretim trendi ve mevsimselligi bu seriyle karsilastirilarak dogrulanir.
TUIK-SUE-073;Sanayi Uretim Endeksi;otomotiv_yan_sanayi;C293;2023Q3;128,7;endeks (2021=100);official_open;SRC-016;TUIK Veri Portali SDMX API - dataflow TR,DF_SANAYI_URETIM_ENDEKS_ALT_C,1.0 (INDICATOR=II_SUE, DEGISIM_TUR=1 Endeks, SEASONAL_ADJUST=N arindirilmamis, BASE_PER=2021) - aylik seri ceyreklik ortalamaya donusturulmustur;Sektor endeksi, karsilik gelen NACE Rev.2 grup/sinif endekslerinin BASIT ORTALAMASIDIR - TUIK tarafindan yayimlanan resmi bir sektor agregasi degildir. Panelin uretim trendi ve mevsimselligi bu seriyle karsilastirilarak dogrulanir.
TUIK-SUE-074;Sanayi Uretim Endeksi;otomotiv_yan_sanayi;C293;2023Q4;141,7;endeks (2021=100);official_open;SRC-016;TUIK Veri Portali SDMX API - dataflow TR,DF_SANAYI_URETIM_ENDEKS_ALT_C,1.0 (INDICATOR=II_SUE, DEGISIM_TUR=1 Endeks, SEASONAL_ADJUST=N arindirilmamis, BASE_PER=2021) - aylik seri ceyreklik ortalamaya donusturulmustur;Sektor endeksi, karsilik gelen NACE Rev.2 grup/sinif endekslerinin BASIT ORTALAMASIDIR - TUIK tarafindan yayimlanan resmi bir sektor agregasi degildir. Panelin uretim trendi ve mevsimselligi bu seriyle karsilastirilarak dogrulanir.
TUIK-SUE-075;Sanayi Uretim Endeksi;otomotiv_yan_sanayi;C293;2024Q1;135,5;endeks (2021=100);official_open;SRC-016;TUIK Veri Portali SDMX API - dataflow TR,DF_SANAYI_URETIM_ENDEKS_ALT_C,1.0 (INDICATOR=II_SUE, DEGISIM_TUR=1 Endeks, SEASONAL_ADJUST=N arindirilmamis, BASE_PER=2021) - aylik seri ceyreklik ortalamaya donusturulmustur;Sektor endeksi, karsilik gelen NACE Rev.2 grup/sinif endekslerinin BASIT ORTALAMASIDIR - TUIK tarafindan yayimlanan resmi bir sektor agregasi degildir. Panelin uretim trendi ve mevsimselligi bu seriyle karsilastirilarak dogrulanir.
TUIK-SUE-076;Sanayi Uretim Endeksi;otomotiv_yan_sanayi;C293;2024Q2;122,3;endeks (2021=100);official_open;SRC-016;TUIK Veri Portali SDMX API - dataflow TR,DF_SANAYI_URETIM_ENDEKS_ALT_C,1.0 (INDICATOR=II_SUE, DEGISIM_TUR=1 Endeks, SEASONAL_ADJUST=N arindirilmamis, BASE_PER=2021) - aylik seri ceyreklik ortalamaya donusturulmustur;Sektor endeksi, karsilik gelen NACE Rev.2 grup/sinif endekslerinin BASIT ORTALAMASIDIR - TUIK tarafindan yayimlanan resmi bir sektor agregasi degildir. Panelin uretim trendi ve mevsimselligi bu seriyle karsilastirilarak dogrulanir.
TUIK-SUE-077;Sanayi Uretim Endeksi;otomotiv_yan_sanayi;C293;2024Q3;121,5;endeks (2021=100);official_open;SRC-016;TUIK Veri Portali SDMX API - dataflow TR,DF_SANAYI_URETIM_ENDEKS_ALT_C,1.0 (INDICATOR=II_SUE, DEGISIM_TUR=1 Endeks, SEASONAL_ADJUST=N arindirilmamis, BASE_PER=2021) - aylik seri ceyreklik ortalamaya donusturulmustur;Sektor endeksi, karsilik gelen NACE Rev.2 grup/sinif endekslerinin BASIT ORTALAMASIDIR - TUIK tarafindan yayimlanan resmi bir sektor agregasi degildir. Panelin uretim trendi ve mevsimselligi bu seriyle karsilastirilarak dogrulanir.
TUIK-SUE-078;Sanayi Uretim Endeksi;otomotiv_yan_sanayi;C293;2024Q4;135,8;endeks (2021=100);official_open;SRC-016;TUIK Veri Portali SDMX API - dataflow TR,DF_SANAYI_URETIM_ENDEKS_ALT_C,1.0 (INDICATOR=II_SUE, DEGISIM_TUR=1 Endeks, SEASONAL_ADJUST=N arindirilmamis, BASE_PER=2021) - aylik seri ceyreklik ortalamaya donusturulmustur;Sektor endeksi, karsilik gelen NACE Rev.2 grup/sinif endekslerinin BASIT ORTALAMASIDIR - TUIK tarafindan yayimlanan resmi bir sektor agregasi degildir. Panelin uretim trendi ve mevsimselligi bu seriyle karsilastirilarak dogrulanir.
TUIK-SUE-079;Sanayi Uretim Endeksi;otomotiv_yan_sanayi;C293;2025Q1;129,0;endeks (2021=100);official_open;SRC-016;TUIK Veri Portali SDMX API - dataflow TR,DF_SANAYI_URETIM_ENDEKS_ALT_C,1.0 (INDICATOR=II_SUE, DEGISIM_TUR=1 Endeks, SEASONAL_ADJUST=N arindirilmamis, BASE_PER=2021) - aylik seri ceyreklik ortalamaya donusturulmustur;Sektor endeksi, karsilik gelen NACE Rev.2 grup/sinif endekslerinin BASIT ORTALAMASIDIR - TUIK tarafindan yayimlanan resmi bir sektor agregasi degildir. Panelin uretim trendi ve mevsimselligi bu seriyle karsilastirilarak dogrulanir.
TUIK-SUE-080;Sanayi Uretim Endeksi;otomotiv_yan_sanayi;C293;2025Q2;131,4;endeks (2021=100);official_open;SRC-016;TUIK Veri Portali SDMX API - dataflow TR,DF_SANAYI_URETIM_ENDEKS_ALT_C,1.0 (INDICATOR=II_SUE, DEGISIM_TUR=1 Endeks, SEASONAL_ADJUST=N arindirilmamis, BASE_PER=2021) - aylik seri ceyreklik ortalamaya donusturulmustur;Sektor endeksi, karsilik gelen NACE Rev.2 grup/sinif endekslerinin BASIT ORTALAMASIDIR - TUIK tarafindan yayimlanan resmi bir sektor agregasi degildir. Panelin uretim trendi ve mevsimselligi bu seriyle karsilastirilarak dogrulanir.
TUIK-SUE-081;Sanayi Uretim Endeksi;otomotiv_yan_sanayi;C293;2025Q3;125,6;endeks (2021=100);official_open;SRC-016;TUIK Veri Portali SDMX API - dataflow TR,DF_SANAYI_URETIM_ENDEKS_ALT_C,1.0 (INDICATOR=II_SUE, DEGISIM_TUR=1 Endeks, SEASONAL_ADJUST=N arindirilmamis, BASE_PER=2021) - aylik seri ceyreklik ortalamaya donusturulmustur;Sektor endeksi, karsilik gelen NACE Rev.2 grup/sinif endekslerinin BASIT ORTALAMASIDIR - TUIK tarafindan yayimlanan resmi bir sektor agregasi degildir. Panelin uretim trendi ve mevsimselligi bu seriyle karsilastirilarak dogrulanir.
TUIK-SUE-082;Sanayi Uretim Endeksi;otomotiv_yan_sanayi;C293;2025Q4;134,1;endeks (2021=100);official_open;SRC-016;TUIK Veri Portali SDMX API - dataflow TR,DF_SANAYI_URETIM_ENDEKS_ALT_C,1.0 (INDICATOR=II_SUE, DEGISIM_TUR=1 Endeks, SEASONAL_ADJUST=N arindirilmamis, BASE_PER=2021) - aylik seri ceyreklik ortalamaya donusturulmustur;Sektor endeksi, karsilik gelen NACE Rev.2 grup/sinif endekslerinin BASIT ORTALAMASIDIR - TUIK tarafindan yayimlanan resmi bir sektor agregasi degildir. Panelin uretim trendi ve mevsimselligi bu seriyle karsilastirilarak dogrulanir.
TUIK-SUE-083;Sanayi Uretim Endeksi;otomotiv_yan_sanayi;C293;2026Q1;127,3;endeks (2021=100);official_open;SRC-016;TUIK Veri Portali SDMX API - dataflow TR,DF_SANAYI_URETIM_ENDEKS_ALT_C,1.0 (INDICATOR=II_SUE, DEGISIM_TUR=1 Endeks, SEASONAL_ADJUST=N arindirilmamis, BASE_PER=2021) - aylik seri ceyreklik ortalamaya donusturulmustur;Sektor endeksi, karsilik gelen NACE Rev.2 grup/sinif endekslerinin BASIT ORTALAMASIDIR - TUIK tarafindan yayimlanan resmi bir sektor agregasi degildir. Panelin uretim trendi ve mevsimselligi bu seriyle karsilastirilarak dogrulanir.
TUIK-SUE-084;Sanayi Uretim Endeksi;otomotiv_yan_sanayi;C293;2026Q2;134,1;endeks (2021=100);official_open;SRC-016;TUIK Veri Portali SDMX API - dataflow TR,DF_SANAYI_URETIM_ENDEKS_ALT_C,1.0 (INDICATOR=II_SUE, DEGISIM_TUR=1 Endeks, SEASONAL_ADJUST=N arindirilmamis, BASE_PER=2021) - aylik seri ceyreklik ortalamaya donusturulmustur;Sektor endeksi, karsilik gelen NACE Rev.2 grup/sinif endekslerinin BASIT ORTALAMASIDIR - TUIK tarafindan yayimlanan resmi bir sektor agregasi degildir. Panelin uretim trendi ve mevsimselligi bu seriyle karsilastirilarak dogrulanir.
TUIK-SUE-085;Sanayi Uretim Endeksi;ilac;C211, C212;2023Q1;114,9;endeks (2021=100);official_open;SRC-016;TUIK Veri Portali SDMX API - dataflow TR,DF_SANAYI_URETIM_ENDEKS_ALT_C,1.0 (INDICATOR=II_SUE, DEGISIM_TUR=1 Endeks, SEASONAL_ADJUST=N arindirilmamis, BASE_PER=2021) - aylik seri ceyreklik ortalamaya donusturulmustur;Sektor endeksi, karsilik gelen NACE Rev.2 grup/sinif endekslerinin BASIT ORTALAMASIDIR - TUIK tarafindan yayimlanan resmi bir sektor agregasi degildir. Panelin uretim trendi ve mevsimselligi bu seriyle karsilastirilarak dogrulanir.
TUIK-SUE-086;Sanayi Uretim Endeksi;ilac;C211, C212;2023Q2;100,1;endeks (2021=100);official_open;SRC-016;TUIK Veri Portali SDMX API - dataflow TR,DF_SANAYI_URETIM_ENDEKS_ALT_C,1.0 (INDICATOR=II_SUE, DEGISIM_TUR=1 Endeks, SEASONAL_ADJUST=N arindirilmamis, BASE_PER=2021) - aylik seri ceyreklik ortalamaya donusturulmustur;Sektor endeksi, karsilik gelen NACE Rev.2 grup/sinif endekslerinin BASIT ORTALAMASIDIR - TUIK tarafindan yayimlanan resmi bir sektor agregasi degildir. Panelin uretim trendi ve mevsimselligi bu seriyle karsilastirilarak dogrulanir.
TUIK-SUE-087;Sanayi Uretim Endeksi;ilac;C211, C212;2023Q3;110,5;endeks (2021=100);official_open;SRC-016;TUIK Veri Portali SDMX API - dataflow TR,DF_SANAYI_URETIM_ENDEKS_ALT_C,1.0 (INDICATOR=II_SUE, DEGISIM_TUR=1 Endeks, SEASONAL_ADJUST=N arindirilmamis, BASE_PER=2021) - aylik seri ceyreklik ortalamaya donusturulmustur;Sektor endeksi, karsilik gelen NACE Rev.2 grup/sinif endekslerinin BASIT ORTALAMASIDIR - TUIK tarafindan yayimlanan resmi bir sektor agregasi degildir. Panelin uretim trendi ve mevsimselligi bu seriyle karsilastirilarak dogrulanir.
TUIK-SUE-088;Sanayi Uretim Endeksi;ilac;C211, C212;2023Q4;126,6;endeks (2021=100);official_open;SRC-016;TUIK Veri Portali SDMX API - dataflow TR,DF_SANAYI_URETIM_ENDEKS_ALT_C,1.0 (INDICATOR=II_SUE, DEGISIM_TUR=1 Endeks, SEASONAL_ADJUST=N arindirilmamis, BASE_PER=2021) - aylik seri ceyreklik ortalamaya donusturulmustur;Sektor endeksi, karsilik gelen NACE Rev.2 grup/sinif endekslerinin BASIT ORTALAMASIDIR - TUIK tarafindan yayimlanan resmi bir sektor agregasi degildir. Panelin uretim trendi ve mevsimselligi bu seriyle karsilastirilarak dogrulanir.
TUIK-SUE-089;Sanayi Uretim Endeksi;ilac;C211, C212;2024Q1;115,1;endeks (2021=100);official_open;SRC-016;TUIK Veri Portali SDMX API - dataflow TR,DF_SANAYI_URETIM_ENDEKS_ALT_C,1.0 (INDICATOR=II_SUE, DEGISIM_TUR=1 Endeks, SEASONAL_ADJUST=N arindirilmamis, BASE_PER=2021) - aylik seri ceyreklik ortalamaya donusturulmustur;Sektor endeksi, karsilik gelen NACE Rev.2 grup/sinif endekslerinin BASIT ORTALAMASIDIR - TUIK tarafindan yayimlanan resmi bir sektor agregasi degildir. Panelin uretim trendi ve mevsimselligi bu seriyle karsilastirilarak dogrulanir.
TUIK-SUE-090;Sanayi Uretim Endeksi;ilac;C211, C212;2024Q2;92,9;endeks (2021=100);official_open;SRC-016;TUIK Veri Portali SDMX API - dataflow TR,DF_SANAYI_URETIM_ENDEKS_ALT_C,1.0 (INDICATOR=II_SUE, DEGISIM_TUR=1 Endeks, SEASONAL_ADJUST=N arindirilmamis, BASE_PER=2021) - aylik seri ceyreklik ortalamaya donusturulmustur;Sektor endeksi, karsilik gelen NACE Rev.2 grup/sinif endekslerinin BASIT ORTALAMASIDIR - TUIK tarafindan yayimlanan resmi bir sektor agregasi degildir. Panelin uretim trendi ve mevsimselligi bu seriyle karsilastirilarak dogrulanir.
TUIK-SUE-091;Sanayi Uretim Endeksi;ilac;C211, C212;2024Q3;90,9;endeks (2021=100);official_open;SRC-016;TUIK Veri Portali SDMX API - dataflow TR,DF_SANAYI_URETIM_ENDEKS_ALT_C,1.0 (INDICATOR=II_SUE, DEGISIM_TUR=1 Endeks, SEASONAL_ADJUST=N arindirilmamis, BASE_PER=2021) - aylik seri ceyreklik ortalamaya donusturulmustur;Sektor endeksi, karsilik gelen NACE Rev.2 grup/sinif endekslerinin BASIT ORTALAMASIDIR - TUIK tarafindan yayimlanan resmi bir sektor agregasi degildir. Panelin uretim trendi ve mevsimselligi bu seriyle karsilastirilarak dogrulanir.
TUIK-SUE-092;Sanayi Uretim Endeksi;ilac;C211, C212;2024Q4;115,7;endeks (2021=100);official_open;SRC-016;TUIK Veri Portali SDMX API - dataflow TR,DF_SANAYI_URETIM_ENDEKS_ALT_C,1.0 (INDICATOR=II_SUE, DEGISIM_TUR=1 Endeks, SEASONAL_ADJUST=N arindirilmamis, BASE_PER=2021) - aylik seri ceyreklik ortalamaya donusturulmustur;Sektor endeksi, karsilik gelen NACE Rev.2 grup/sinif endekslerinin BASIT ORTALAMASIDIR - TUIK tarafindan yayimlanan resmi bir sektor agregasi degildir. Panelin uretim trendi ve mevsimselligi bu seriyle karsilastirilarak dogrulanir.
TUIK-SUE-093;Sanayi Uretim Endeksi;ilac;C211, C212;2025Q1;100,7;endeks (2021=100);official_open;SRC-016;TUIK Veri Portali SDMX API - dataflow TR,DF_SANAYI_URETIM_ENDEKS_ALT_C,1.0 (INDICATOR=II_SUE, DEGISIM_TUR=1 Endeks, SEASONAL_ADJUST=N arindirilmamis, BASE_PER=2021) - aylik seri ceyreklik ortalamaya donusturulmustur;Sektor endeksi, karsilik gelen NACE Rev.2 grup/sinif endekslerinin BASIT ORTALAMASIDIR - TUIK tarafindan yayimlanan resmi bir sektor agregasi degildir. Panelin uretim trendi ve mevsimselligi bu seriyle karsilastirilarak dogrulanir.
TUIK-SUE-094;Sanayi Uretim Endeksi;ilac;C211, C212;2025Q2;101,3;endeks (2021=100);official_open;SRC-016;TUIK Veri Portali SDMX API - dataflow TR,DF_SANAYI_URETIM_ENDEKS_ALT_C,1.0 (INDICATOR=II_SUE, DEGISIM_TUR=1 Endeks, SEASONAL_ADJUST=N arindirilmamis, BASE_PER=2021) - aylik seri ceyreklik ortalamaya donusturulmustur;Sektor endeksi, karsilik gelen NACE Rev.2 grup/sinif endekslerinin BASIT ORTALAMASIDIR - TUIK tarafindan yayimlanan resmi bir sektor agregasi degildir. Panelin uretim trendi ve mevsimselligi bu seriyle karsilastirilarak dogrulanir.
TUIK-SUE-095;Sanayi Uretim Endeksi;ilac;C211, C212;2025Q3;102,6;endeks (2021=100);official_open;SRC-016;TUIK Veri Portali SDMX API - dataflow TR,DF_SANAYI_URETIM_ENDEKS_ALT_C,1.0 (INDICATOR=II_SUE, DEGISIM_TUR=1 Endeks, SEASONAL_ADJUST=N arindirilmamis, BASE_PER=2021) - aylik seri ceyreklik ortalamaya donusturulmustur;Sektor endeksi, karsilik gelen NACE Rev.2 grup/sinif endekslerinin BASIT ORTALAMASIDIR - TUIK tarafindan yayimlanan resmi bir sektor agregasi degildir. Panelin uretim trendi ve mevsimselligi bu seriyle karsilastirilarak dogrulanir.
TUIK-SUE-096;Sanayi Uretim Endeksi;ilac;C211, C212;2025Q4;131,1;endeks (2021=100);official_open;SRC-016;TUIK Veri Portali SDMX API - dataflow TR,DF_SANAYI_URETIM_ENDEKS_ALT_C,1.0 (INDICATOR=II_SUE, DEGISIM_TUR=1 Endeks, SEASONAL_ADJUST=N arindirilmamis, BASE_PER=2021) - aylik seri ceyreklik ortalamaya donusturulmustur;Sektor endeksi, karsilik gelen NACE Rev.2 grup/sinif endekslerinin BASIT ORTALAMASIDIR - TUIK tarafindan yayimlanan resmi bir sektor agregasi degildir. Panelin uretim trendi ve mevsimselligi bu seriyle karsilastirilarak dogrulanir.
TUIK-SUE-097;Sanayi Uretim Endeksi;ilac;C211, C212;2026Q1;117,1;endeks (2021=100);official_open;SRC-016;TUIK Veri Portali SDMX API - dataflow TR,DF_SANAYI_URETIM_ENDEKS_ALT_C,1.0 (INDICATOR=II_SUE, DEGISIM_TUR=1 Endeks, SEASONAL_ADJUST=N arindirilmamis, BASE_PER=2021) - aylik seri ceyreklik ortalamaya donusturulmustur;Sektor endeksi, karsilik gelen NACE Rev.2 grup/sinif endekslerinin BASIT ORTALAMASIDIR - TUIK tarafindan yayimlanan resmi bir sektor agregasi degildir. Panelin uretim trendi ve mevsimselligi bu seriyle karsilastirilarak dogrulanir.
TUIK-SUE-098;Sanayi Uretim Endeksi;ilac;C211, C212;2026Q2;112,1;endeks (2021=100);official_open;SRC-016;TUIK Veri Portali SDMX API - dataflow TR,DF_SANAYI_URETIM_ENDEKS_ALT_C,1.0 (INDICATOR=II_SUE, DEGISIM_TUR=1 Endeks, SEASONAL_ADJUST=N arindirilmamis, BASE_PER=2021) - aylik seri ceyreklik ortalamaya donusturulmustur;Sektor endeksi, karsilik gelen NACE Rev.2 grup/sinif endekslerinin BASIT ORTALAMASIDIR - TUIK tarafindan yayimlanan resmi bir sektor agregasi degildir. Panelin uretim trendi ve mevsimselligi bu seriyle karsilastirilarak dogrulanir.
TUIK-SUE-099;Sanayi Uretim Endeksi;kimya_boya;C203;2023Q1;115,1;endeks (2021=100);official_open;SRC-016;TUIK Veri Portali SDMX API - dataflow TR,DF_SANAYI_URETIM_ENDEKS_ALT_C,1.0 (INDICATOR=II_SUE, DEGISIM_TUR=1 Endeks, SEASONAL_ADJUST=N arindirilmamis, BASE_PER=2021) - aylik seri ceyreklik ortalamaya donusturulmustur;Sektor endeksi, karsilik gelen NACE Rev.2 grup/sinif endekslerinin BASIT ORTALAMASIDIR - TUIK tarafindan yayimlanan resmi bir sektor agregasi degildir. Panelin uretim trendi ve mevsimselligi bu seriyle karsilastirilarak dogrulanir.
TUIK-SUE-100;Sanayi Uretim Endeksi;kimya_boya;C203;2023Q2;120,7;endeks (2021=100);official_open;SRC-016;TUIK Veri Portali SDMX API - dataflow TR,DF_SANAYI_URETIM_ENDEKS_ALT_C,1.0 (INDICATOR=II_SUE, DEGISIM_TUR=1 Endeks, SEASONAL_ADJUST=N arindirilmamis, BASE_PER=2021) - aylik seri ceyreklik ortalamaya donusturulmustur;Sektor endeksi, karsilik gelen NACE Rev.2 grup/sinif endekslerinin BASIT ORTALAMASIDIR - TUIK tarafindan yayimlanan resmi bir sektor agregasi degildir. Panelin uretim trendi ve mevsimselligi bu seriyle karsilastirilarak dogrulanir.
TUIK-SUE-101;Sanayi Uretim Endeksi;kimya_boya;C203;2023Q3;126,2;endeks (2021=100);official_open;SRC-016;TUIK Veri Portali SDMX API - dataflow TR,DF_SANAYI_URETIM_ENDEKS_ALT_C,1.0 (INDICATOR=II_SUE, DEGISIM_TUR=1 Endeks, SEASONAL_ADJUST=N arindirilmamis, BASE_PER=2021) - aylik seri ceyreklik ortalamaya donusturulmustur;Sektor endeksi, karsilik gelen NACE Rev.2 grup/sinif endekslerinin BASIT ORTALAMASIDIR - TUIK tarafindan yayimlanan resmi bir sektor agregasi degildir. Panelin uretim trendi ve mevsimselligi bu seriyle karsilastirilarak dogrulanir.
TUIK-SUE-102;Sanayi Uretim Endeksi;kimya_boya;C203;2023Q4;115,0;endeks (2021=100);official_open;SRC-016;TUIK Veri Portali SDMX API - dataflow TR,DF_SANAYI_URETIM_ENDEKS_ALT_C,1.0 (INDICATOR=II_SUE, DEGISIM_TUR=1 Endeks, SEASONAL_ADJUST=N arindirilmamis, BASE_PER=2021) - aylik seri ceyreklik ortalamaya donusturulmustur;Sektor endeksi, karsilik gelen NACE Rev.2 grup/sinif endekslerinin BASIT ORTALAMASIDIR - TUIK tarafindan yayimlanan resmi bir sektor agregasi degildir. Panelin uretim trendi ve mevsimselligi bu seriyle karsilastirilarak dogrulanir.
TUIK-SUE-103;Sanayi Uretim Endeksi;kimya_boya;C203;2024Q1;115,7;endeks (2021=100);official_open;SRC-016;TUIK Veri Portali SDMX API - dataflow TR,DF_SANAYI_URETIM_ENDEKS_ALT_C,1.0 (INDICATOR=II_SUE, DEGISIM_TUR=1 Endeks, SEASONAL_ADJUST=N arindirilmamis, BASE_PER=2021) - aylik seri ceyreklik ortalamaya donusturulmustur;Sektor endeksi, karsilik gelen NACE Rev.2 grup/sinif endekslerinin BASIT ORTALAMASIDIR - TUIK tarafindan yayimlanan resmi bir sektor agregasi degildir. Panelin uretim trendi ve mevsimselligi bu seriyle karsilastirilarak dogrulanir.
TUIK-SUE-104;Sanayi Uretim Endeksi;kimya_boya;C203;2024Q2;108,6;endeks (2021=100);official_open;SRC-016;TUIK Veri Portali SDMX API - dataflow TR,DF_SANAYI_URETIM_ENDEKS_ALT_C,1.0 (INDICATOR=II_SUE, DEGISIM_TUR=1 Endeks, SEASONAL_ADJUST=N arindirilmamis, BASE_PER=2021) - aylik seri ceyreklik ortalamaya donusturulmustur;Sektor endeksi, karsilik gelen NACE Rev.2 grup/sinif endekslerinin BASIT ORTALAMASIDIR - TUIK tarafindan yayimlanan resmi bir sektor agregasi degildir. Panelin uretim trendi ve mevsimselligi bu seriyle karsilastirilarak dogrulanir.
TUIK-SUE-105;Sanayi Uretim Endeksi;kimya_boya;C203;2024Q3;104,5;endeks (2021=100);official_open;SRC-016;TUIK Veri Portali SDMX API - dataflow TR,DF_SANAYI_URETIM_ENDEKS_ALT_C,1.0 (INDICATOR=II_SUE, DEGISIM_TUR=1 Endeks, SEASONAL_ADJUST=N arindirilmamis, BASE_PER=2021) - aylik seri ceyreklik ortalamaya donusturulmustur;Sektor endeksi, karsilik gelen NACE Rev.2 grup/sinif endekslerinin BASIT ORTALAMASIDIR - TUIK tarafindan yayimlanan resmi bir sektor agregasi degildir. Panelin uretim trendi ve mevsimselligi bu seriyle karsilastirilarak dogrulanir.
TUIK-SUE-106;Sanayi Uretim Endeksi;kimya_boya;C203;2024Q4;100,1;endeks (2021=100);official_open;SRC-016;TUIK Veri Portali SDMX API - dataflow TR,DF_SANAYI_URETIM_ENDEKS_ALT_C,1.0 (INDICATOR=II_SUE, DEGISIM_TUR=1 Endeks, SEASONAL_ADJUST=N arindirilmamis, BASE_PER=2021) - aylik seri ceyreklik ortalamaya donusturulmustur;Sektor endeksi, karsilik gelen NACE Rev.2 grup/sinif endekslerinin BASIT ORTALAMASIDIR - TUIK tarafindan yayimlanan resmi bir sektor agregasi degildir. Panelin uretim trendi ve mevsimselligi bu seriyle karsilastirilarak dogrulanir.
TUIK-SUE-107;Sanayi Uretim Endeksi;kimya_boya;C203;2025Q1;106,2;endeks (2021=100);official_open;SRC-016;TUIK Veri Portali SDMX API - dataflow TR,DF_SANAYI_URETIM_ENDEKS_ALT_C,1.0 (INDICATOR=II_SUE, DEGISIM_TUR=1 Endeks, SEASONAL_ADJUST=N arindirilmamis, BASE_PER=2021) - aylik seri ceyreklik ortalamaya donusturulmustur;Sektor endeksi, karsilik gelen NACE Rev.2 grup/sinif endekslerinin BASIT ORTALAMASIDIR - TUIK tarafindan yayimlanan resmi bir sektor agregasi degildir. Panelin uretim trendi ve mevsimselligi bu seriyle karsilastirilarak dogrulanir.
TUIK-SUE-108;Sanayi Uretim Endeksi;kimya_boya;C203;2025Q2;107,5;endeks (2021=100);official_open;SRC-016;TUIK Veri Portali SDMX API - dataflow TR,DF_SANAYI_URETIM_ENDEKS_ALT_C,1.0 (INDICATOR=II_SUE, DEGISIM_TUR=1 Endeks, SEASONAL_ADJUST=N arindirilmamis, BASE_PER=2021) - aylik seri ceyreklik ortalamaya donusturulmustur;Sektor endeksi, karsilik gelen NACE Rev.2 grup/sinif endekslerinin BASIT ORTALAMASIDIR - TUIK tarafindan yayimlanan resmi bir sektor agregasi degildir. Panelin uretim trendi ve mevsimselligi bu seriyle karsilastirilarak dogrulanir.
TUIK-SUE-109;Sanayi Uretim Endeksi;kimya_boya;C203;2025Q3;108,6;endeks (2021=100);official_open;SRC-016;TUIK Veri Portali SDMX API - dataflow TR,DF_SANAYI_URETIM_ENDEKS_ALT_C,1.0 (INDICATOR=II_SUE, DEGISIM_TUR=1 Endeks, SEASONAL_ADJUST=N arindirilmamis, BASE_PER=2021) - aylik seri ceyreklik ortalamaya donusturulmustur;Sektor endeksi, karsilik gelen NACE Rev.2 grup/sinif endekslerinin BASIT ORTALAMASIDIR - TUIK tarafindan yayimlanan resmi bir sektor agregasi degildir. Panelin uretim trendi ve mevsimselligi bu seriyle karsilastirilarak dogrulanir.
TUIK-SUE-110;Sanayi Uretim Endeksi;kimya_boya;C203;2025Q4;110,2;endeks (2021=100);official_open;SRC-016;TUIK Veri Portali SDMX API - dataflow TR,DF_SANAYI_URETIM_ENDEKS_ALT_C,1.0 (INDICATOR=II_SUE, DEGISIM_TUR=1 Endeks, SEASONAL_ADJUST=N arindirilmamis, BASE_PER=2021) - aylik seri ceyreklik ortalamaya donusturulmustur;Sektor endeksi, karsilik gelen NACE Rev.2 grup/sinif endekslerinin BASIT ORTALAMASIDIR - TUIK tarafindan yayimlanan resmi bir sektor agregasi degildir. Panelin uretim trendi ve mevsimselligi bu seriyle karsilastirilarak dogrulanir.
TUIK-SUE-111;Sanayi Uretim Endeksi;kimya_boya;C203;2026Q1;99,5;endeks (2021=100);official_open;SRC-016;TUIK Veri Portali SDMX API - dataflow TR,DF_SANAYI_URETIM_ENDEKS_ALT_C,1.0 (INDICATOR=II_SUE, DEGISIM_TUR=1 Endeks, SEASONAL_ADJUST=N arindirilmamis, BASE_PER=2021) - aylik seri ceyreklik ortalamaya donusturulmustur;Sektor endeksi, karsilik gelen NACE Rev.2 grup/sinif endekslerinin BASIT ORTALAMASIDIR - TUIK tarafindan yayimlanan resmi bir sektor agregasi degildir. Panelin uretim trendi ve mevsimselligi bu seriyle karsilastirilarak dogrulanir.
TUIK-SUE-112;Sanayi Uretim Endeksi;kimya_boya;C203;2026Q2;115,3;endeks (2021=100);official_open;SRC-016;TUIK Veri Portali SDMX API - dataflow TR,DF_SANAYI_URETIM_ENDEKS_ALT_C,1.0 (INDICATOR=II_SUE, DEGISIM_TUR=1 Endeks, SEASONAL_ADJUST=N arindirilmamis, BASE_PER=2021) - aylik seri ceyreklik ortalamaya donusturulmustur;Sektor endeksi, karsilik gelen NACE Rev.2 grup/sinif endekslerinin BASIT ORTALAMASIDIR - TUIK tarafindan yayimlanan resmi bir sektor agregasi degildir. Panelin uretim trendi ve mevsimselligi bu seriyle karsilastirilarak dogrulanir.
TUIK-DTE-001;Dis ticaret miktar endeksi - ihracat;Turkiye geneli;SITC Rev.4 - genel endeks;2023Q1;140,7;endeks (2015=100);official_open;SRC-017;TUIK Veri Portali SDMX API - dataflow TR,DF_IHRACAT_MIKTAR_ENDEKS_V1,1.0 (FREQ=Q, DTE_SEKTOR_KODLARI=T GENEL ENDEKS, ENDEKS_DEGISIM=1, BASE_PER=2015);Dis ticaret endeksleri SITC Rev.4 siniflamasindadir ve NACE sektorleriyle birebir eslesmedigi icin YALNIZCA ulke geneli duzeyinde kullanilmistir. 2026Q2 ceyreklik seride erisim tarihinde henuz yayimlanmamistir.
TUIK-DTE-002;Dis ticaret miktar endeksi - ihracat;Turkiye geneli;SITC Rev.4 - genel endeks;2023Q2;142,0;endeks (2015=100);official_open;SRC-017;TUIK Veri Portali SDMX API - dataflow TR,DF_IHRACAT_MIKTAR_ENDEKS_V1,1.0 (FREQ=Q, DTE_SEKTOR_KODLARI=T GENEL ENDEKS, ENDEKS_DEGISIM=1, BASE_PER=2015);Dis ticaret endeksleri SITC Rev.4 siniflamasindadir ve NACE sektorleriyle birebir eslesmedigi icin YALNIZCA ulke geneli duzeyinde kullanilmistir. 2026Q2 ceyreklik seride erisim tarihinde henuz yayimlanmamistir.
TUIK-DTE-003;Dis ticaret miktar endeksi - ihracat;Turkiye geneli;SITC Rev.4 - genel endeks;2023Q3;150,2;endeks (2015=100);official_open;SRC-017;TUIK Veri Portali SDMX API - dataflow TR,DF_IHRACAT_MIKTAR_ENDEKS_V1,1.0 (FREQ=Q, DTE_SEKTOR_KODLARI=T GENEL ENDEKS, ENDEKS_DEGISIM=1, BASE_PER=2015);Dis ticaret endeksleri SITC Rev.4 siniflamasindadir ve NACE sektorleriyle birebir eslesmedigi icin YALNIZCA ulke geneli duzeyinde kullanilmistir. 2026Q2 ceyreklik seride erisim tarihinde henuz yayimlanmamistir.
TUIK-DTE-004;Dis ticaret miktar endeksi - ihracat;Turkiye geneli;SITC Rev.4 - genel endeks;2023Q4;164,2;endeks (2015=100);official_open;SRC-017;TUIK Veri Portali SDMX API - dataflow TR,DF_IHRACAT_MIKTAR_ENDEKS_V1,1.0 (FREQ=Q, DTE_SEKTOR_KODLARI=T GENEL ENDEKS, ENDEKS_DEGISIM=1, BASE_PER=2015);Dis ticaret endeksleri SITC Rev.4 siniflamasindadir ve NACE sektorleriyle birebir eslesmedigi icin YALNIZCA ulke geneli duzeyinde kullanilmistir. 2026Q2 ceyreklik seride erisim tarihinde henuz yayimlanmamistir.
TUIK-DTE-005;Dis ticaret miktar endeksi - ihracat;Turkiye geneli;SITC Rev.4 - genel endeks;2024Q1;148,8;endeks (2015=100);official_open;SRC-017;TUIK Veri Portali SDMX API - dataflow TR,DF_IHRACAT_MIKTAR_ENDEKS_V1,1.0 (FREQ=Q, DTE_SEKTOR_KODLARI=T GENEL ENDEKS, ENDEKS_DEGISIM=1, BASE_PER=2015);Dis ticaret endeksleri SITC Rev.4 siniflamasindadir ve NACE sektorleriyle birebir eslesmedigi icin YALNIZCA ulke geneli duzeyinde kullanilmistir. 2026Q2 ceyreklik seride erisim tarihinde henuz yayimlanmamistir.
TUIK-DTE-006;Dis ticaret miktar endeksi - ihracat;Turkiye geneli;SITC Rev.4 - genel endeks;2024Q2;144,0;endeks (2015=100);official_open;SRC-017;TUIK Veri Portali SDMX API - dataflow TR,DF_IHRACAT_MIKTAR_ENDEKS_V1,1.0 (FREQ=Q, DTE_SEKTOR_KODLARI=T GENEL ENDEKS, ENDEKS_DEGISIM=1, BASE_PER=2015);Dis ticaret endeksleri SITC Rev.4 siniflamasindadir ve NACE sektorleriyle birebir eslesmedigi icin YALNIZCA ulke geneli duzeyinde kullanilmistir. 2026Q2 ceyreklik seride erisim tarihinde henuz yayimlanmamistir.
TUIK-DTE-007;Dis ticaret miktar endeksi - ihracat;Turkiye geneli;SITC Rev.4 - genel endeks;2024Q3;151,6;endeks (2015=100);official_open;SRC-017;TUIK Veri Portali SDMX API - dataflow TR,DF_IHRACAT_MIKTAR_ENDEKS_V1,1.0 (FREQ=Q, DTE_SEKTOR_KODLARI=T GENEL ENDEKS, ENDEKS_DEGISIM=1, BASE_PER=2015);Dis ticaret endeksleri SITC Rev.4 siniflamasindadir ve NACE sektorleriyle birebir eslesmedigi icin YALNIZCA ulke geneli duzeyinde kullanilmistir. 2026Q2 ceyreklik seride erisim tarihinde henuz yayimlanmamistir.
TUIK-DTE-008;Dis ticaret miktar endeksi - ihracat;Turkiye geneli;SITC Rev.4 - genel endeks;2024Q4;161,0;endeks (2015=100);official_open;SRC-017;TUIK Veri Portali SDMX API - dataflow TR,DF_IHRACAT_MIKTAR_ENDEKS_V1,1.0 (FREQ=Q, DTE_SEKTOR_KODLARI=T GENEL ENDEKS, ENDEKS_DEGISIM=1, BASE_PER=2015);Dis ticaret endeksleri SITC Rev.4 siniflamasindadir ve NACE sektorleriyle birebir eslesmedigi icin YALNIZCA ulke geneli duzeyinde kullanilmistir. 2026Q2 ceyreklik seride erisim tarihinde henuz yayimlanmamistir.
TUIK-DTE-009;Dis ticaret miktar endeksi - ihracat;Turkiye geneli;SITC Rev.4 - genel endeks;2025Q1;149,6;endeks (2015=100);official_open;SRC-017;TUIK Veri Portali SDMX API - dataflow TR,DF_IHRACAT_MIKTAR_ENDEKS_V1,1.0 (FREQ=Q, DTE_SEKTOR_KODLARI=T GENEL ENDEKS, ENDEKS_DEGISIM=1, BASE_PER=2015);Dis ticaret endeksleri SITC Rev.4 siniflamasindadir ve NACE sektorleriyle birebir eslesmedigi icin YALNIZCA ulke geneli duzeyinde kullanilmistir. 2026Q2 ceyreklik seride erisim tarihinde henuz yayimlanmamistir.
TUIK-DTE-010;Dis ticaret miktar endeksi - ihracat;Turkiye geneli;SITC Rev.4 - genel endeks;2025Q2;146,5;endeks (2015=100);official_open;SRC-017;TUIK Veri Portali SDMX API - dataflow TR,DF_IHRACAT_MIKTAR_ENDEKS_V1,1.0 (FREQ=Q, DTE_SEKTOR_KODLARI=T GENEL ENDEKS, ENDEKS_DEGISIM=1, BASE_PER=2015);Dis ticaret endeksleri SITC Rev.4 siniflamasindadir ve NACE sektorleriyle birebir eslesmedigi icin YALNIZCA ulke geneli duzeyinde kullanilmistir. 2026Q2 ceyreklik seride erisim tarihinde henuz yayimlanmamistir.
TUIK-DTE-011;Dis ticaret miktar endeksi - ihracat;Turkiye geneli;SITC Rev.4 - genel endeks;2025Q3;145,1;endeks (2015=100);official_open;SRC-017;TUIK Veri Portali SDMX API - dataflow TR,DF_IHRACAT_MIKTAR_ENDEKS_V1,1.0 (FREQ=Q, DTE_SEKTOR_KODLARI=T GENEL ENDEKS, ENDEKS_DEGISIM=1, BASE_PER=2015);Dis ticaret endeksleri SITC Rev.4 siniflamasindadir ve NACE sektorleriyle birebir eslesmedigi icin YALNIZCA ulke geneli duzeyinde kullanilmistir. 2026Q2 ceyreklik seride erisim tarihinde henuz yayimlanmamistir.
TUIK-DTE-012;Dis ticaret miktar endeksi - ihracat;Turkiye geneli;SITC Rev.4 - genel endeks;2025Q4;152,1;endeks (2015=100);official_open;SRC-017;TUIK Veri Portali SDMX API - dataflow TR,DF_IHRACAT_MIKTAR_ENDEKS_V1,1.0 (FREQ=Q, DTE_SEKTOR_KODLARI=T GENEL ENDEKS, ENDEKS_DEGISIM=1, BASE_PER=2015);Dis ticaret endeksleri SITC Rev.4 siniflamasindadir ve NACE sektorleriyle birebir eslesmedigi icin YALNIZCA ulke geneli duzeyinde kullanilmistir. 2026Q2 ceyreklik seride erisim tarihinde henuz yayimlanmamistir.
TUIK-DTE-013;Dis ticaret miktar endeksi - ihracat;Turkiye geneli;SITC Rev.4 - genel endeks;2026Q1;128,2;endeks (2015=100);official_open;SRC-017;TUIK Veri Portali SDMX API - dataflow TR,DF_IHRACAT_MIKTAR_ENDEKS_V1,1.0 (FREQ=Q, DTE_SEKTOR_KODLARI=T GENEL ENDEKS, ENDEKS_DEGISIM=1, BASE_PER=2015);Dis ticaret endeksleri SITC Rev.4 siniflamasindadir ve NACE sektorleriyle birebir eslesmedigi icin YALNIZCA ulke geneli duzeyinde kullanilmistir. 2026Q2 ceyreklik seride erisim tarihinde henuz yayimlanmamistir.
TUIK-DTE-014;Dis ticaret miktar endeksi - ithalat;Turkiye geneli;SITC Rev.4 - genel endeks;2023Q1;129,5;endeks (2015=100);official_open;SRC-017;TUIK Veri Portali SDMX API - dataflow TR,DF_ITHALAT_MIKTAR_ENDEKS_V1,1.0 (FREQ=Q, DTE_SEKTOR_KODLARI=T GENEL ENDEKS, ENDEKS_DEGISIM=1, BASE_PER=2015);Dis ticaret endeksleri SITC Rev.4 siniflamasindadir ve NACE sektorleriyle birebir eslesmedigi icin YALNIZCA ulke geneli duzeyinde kullanilmistir. 2026Q2 ceyreklik seride erisim tarihinde henuz yayimlanmamistir.
TUIK-DTE-015;Dis ticaret miktar endeksi - ithalat;Turkiye geneli;SITC Rev.4 - genel endeks;2023Q2;126,7;endeks (2015=100);official_open;SRC-017;TUIK Veri Portali SDMX API - dataflow TR,DF_ITHALAT_MIKTAR_ENDEKS_V1,1.0 (FREQ=Q, DTE_SEKTOR_KODLARI=T GENEL ENDEKS, ENDEKS_DEGISIM=1, BASE_PER=2015);Dis ticaret endeksleri SITC Rev.4 siniflamasindadir ve NACE sektorleriyle birebir eslesmedigi icin YALNIZCA ulke geneli duzeyinde kullanilmistir. 2026Q2 ceyreklik seride erisim tarihinde henuz yayimlanmamistir.
TUIK-DTE-016;Dis ticaret miktar endeksi - ithalat;Turkiye geneli;SITC Rev.4 - genel endeks;2023Q3;132,4;endeks (2015=100);official_open;SRC-017;TUIK Veri Portali SDMX API - dataflow TR,DF_ITHALAT_MIKTAR_ENDEKS_V1,1.0 (FREQ=Q, DTE_SEKTOR_KODLARI=T GENEL ENDEKS, ENDEKS_DEGISIM=1, BASE_PER=2015);Dis ticaret endeksleri SITC Rev.4 siniflamasindadir ve NACE sektorleriyle birebir eslesmedigi icin YALNIZCA ulke geneli duzeyinde kullanilmistir. 2026Q2 ceyreklik seride erisim tarihinde henuz yayimlanmamistir.
TUIK-DTE-017;Dis ticaret miktar endeksi - ithalat;Turkiye geneli;SITC Rev.4 - genel endeks;2023Q4;126,5;endeks (2015=100);official_open;SRC-017;TUIK Veri Portali SDMX API - dataflow TR,DF_ITHALAT_MIKTAR_ENDEKS_V1,1.0 (FREQ=Q, DTE_SEKTOR_KODLARI=T GENEL ENDEKS, ENDEKS_DEGISIM=1, BASE_PER=2015);Dis ticaret endeksleri SITC Rev.4 siniflamasindadir ve NACE sektorleriyle birebir eslesmedigi icin YALNIZCA ulke geneli duzeyinde kullanilmistir. 2026Q2 ceyreklik seride erisim tarihinde henuz yayimlanmamistir.
TUIK-DTE-018;Dis ticaret miktar endeksi - ithalat;Turkiye geneli;SITC Rev.4 - genel endeks;2024Q1;120,7;endeks (2015=100);official_open;SRC-017;TUIK Veri Portali SDMX API - dataflow TR,DF_ITHALAT_MIKTAR_ENDEKS_V1,1.0 (FREQ=Q, DTE_SEKTOR_KODLARI=T GENEL ENDEKS, ENDEKS_DEGISIM=1, BASE_PER=2015);Dis ticaret endeksleri SITC Rev.4 siniflamasindadir ve NACE sektorleriyle birebir eslesmedigi icin YALNIZCA ulke geneli duzeyinde kullanilmistir. 2026Q2 ceyreklik seride erisim tarihinde henuz yayimlanmamistir.
TUIK-DTE-019;Dis ticaret miktar endeksi - ithalat;Turkiye geneli;SITC Rev.4 - genel endeks;2024Q2;120,0;endeks (2015=100);official_open;SRC-017;TUIK Veri Portali SDMX API - dataflow TR,DF_ITHALAT_MIKTAR_ENDEKS_V1,1.0 (FREQ=Q, DTE_SEKTOR_KODLARI=T GENEL ENDEKS, ENDEKS_DEGISIM=1, BASE_PER=2015);Dis ticaret endeksleri SITC Rev.4 siniflamasindadir ve NACE sektorleriyle birebir eslesmedigi icin YALNIZCA ulke geneli duzeyinde kullanilmistir. 2026Q2 ceyreklik seride erisim tarihinde henuz yayimlanmamistir.
TUIK-DTE-020;Dis ticaret miktar endeksi - ithalat;Turkiye geneli;SITC Rev.4 - genel endeks;2024Q3;118,2;endeks (2015=100);official_open;SRC-017;TUIK Veri Portali SDMX API - dataflow TR,DF_ITHALAT_MIKTAR_ENDEKS_V1,1.0 (FREQ=Q, DTE_SEKTOR_KODLARI=T GENEL ENDEKS, ENDEKS_DEGISIM=1, BASE_PER=2015);Dis ticaret endeksleri SITC Rev.4 siniflamasindadir ve NACE sektorleriyle birebir eslesmedigi icin YALNIZCA ulke geneli duzeyinde kullanilmistir. 2026Q2 ceyreklik seride erisim tarihinde henuz yayimlanmamistir.
TUIK-DTE-021;Dis ticaret miktar endeksi - ithalat;Turkiye geneli;SITC Rev.4 - genel endeks;2024Q4;128,5;endeks (2015=100);official_open;SRC-017;TUIK Veri Portali SDMX API - dataflow TR,DF_ITHALAT_MIKTAR_ENDEKS_V1,1.0 (FREQ=Q, DTE_SEKTOR_KODLARI=T GENEL ENDEKS, ENDEKS_DEGISIM=1, BASE_PER=2015);Dis ticaret endeksleri SITC Rev.4 siniflamasindadir ve NACE sektorleriyle birebir eslesmedigi icin YALNIZCA ulke geneli duzeyinde kullanilmistir. 2026Q2 ceyreklik seride erisim tarihinde henuz yayimlanmamistir.
TUIK-DTE-022;Dis ticaret miktar endeksi - ithalat;Turkiye geneli;SITC Rev.4 - genel endeks;2025Q1;124,9;endeks (2015=100);official_open;SRC-017;TUIK Veri Portali SDMX API - dataflow TR,DF_ITHALAT_MIKTAR_ENDEKS_V1,1.0 (FREQ=Q, DTE_SEKTOR_KODLARI=T GENEL ENDEKS, ENDEKS_DEGISIM=1, BASE_PER=2015);Dis ticaret endeksleri SITC Rev.4 siniflamasindadir ve NACE sektorleriyle birebir eslesmedigi icin YALNIZCA ulke geneli duzeyinde kullanilmistir. 2026Q2 ceyreklik seride erisim tarihinde henuz yayimlanmamistir.
TUIK-DTE-023;Dis ticaret miktar endeksi - ithalat;Turkiye geneli;SITC Rev.4 - genel endeks;2025Q2;130,5;endeks (2015=100);official_open;SRC-017;TUIK Veri Portali SDMX API - dataflow TR,DF_ITHALAT_MIKTAR_ENDEKS_V1,1.0 (FREQ=Q, DTE_SEKTOR_KODLARI=T GENEL ENDEKS, ENDEKS_DEGISIM=1, BASE_PER=2015);Dis ticaret endeksleri SITC Rev.4 siniflamasindadir ve NACE sektorleriyle birebir eslesmedigi icin YALNIZCA ulke geneli duzeyinde kullanilmistir. 2026Q2 ceyreklik seride erisim tarihinde henuz yayimlanmamistir.
TUIK-DTE-024;Dis ticaret miktar endeksi - ithalat;Turkiye geneli;SITC Rev.4 - genel endeks;2025Q3;121,1;endeks (2015=100);official_open;SRC-017;TUIK Veri Portali SDMX API - dataflow TR,DF_ITHALAT_MIKTAR_ENDEKS_V1,1.0 (FREQ=Q, DTE_SEKTOR_KODLARI=T GENEL ENDEKS, ENDEKS_DEGISIM=1, BASE_PER=2015);Dis ticaret endeksleri SITC Rev.4 siniflamasindadir ve NACE sektorleriyle birebir eslesmedigi icin YALNIZCA ulke geneli duzeyinde kullanilmistir. 2026Q2 ceyreklik seride erisim tarihinde henuz yayimlanmamistir.
TUIK-DTE-025;Dis ticaret miktar endeksi - ithalat;Turkiye geneli;SITC Rev.4 - genel endeks;2025Q4;132,7;endeks (2015=100);official_open;SRC-017;TUIK Veri Portali SDMX API - dataflow TR,DF_ITHALAT_MIKTAR_ENDEKS_V1,1.0 (FREQ=Q, DTE_SEKTOR_KODLARI=T GENEL ENDEKS, ENDEKS_DEGISIM=1, BASE_PER=2015);Dis ticaret endeksleri SITC Rev.4 siniflamasindadir ve NACE sektorleriyle birebir eslesmedigi icin YALNIZCA ulke geneli duzeyinde kullanilmistir. 2026Q2 ceyreklik seride erisim tarihinde henuz yayimlanmamistir.
TUIK-DTE-026;Dis ticaret miktar endeksi - ithalat;Turkiye geneli;SITC Rev.4 - genel endeks;2026Q1;123,4;endeks (2015=100);official_open;SRC-017;TUIK Veri Portali SDMX API - dataflow TR,DF_ITHALAT_MIKTAR_ENDEKS_V1,1.0 (FREQ=Q, DTE_SEKTOR_KODLARI=T GENEL ENDEKS, ENDEKS_DEGISIM=1, BASE_PER=2015);Dis ticaret endeksleri SITC Rev.4 siniflamasindadir ve NACE sektorleriyle birebir eslesmedigi icin YALNIZCA ulke geneli duzeyinde kullanilmistir. 2026Q2 ceyreklik seride erisim tarihinde henuz yayimlanmamistir.
